runDate,stations,trainId,trainCode,index,trainStationId,scheduledArrival,scheduledDeparture,distance,dayCount,day,ArrivalDelay,DepartureDelay
2020-02-20,FZR,11528,12138,1,2657812,,2020-02-20 21:40:00,0,0,Thursday,0.007747543461829175,4.50754278789993
2020-02-20,FDK,11528,12138,2,2659393,2020-02-20 22:05:00,2020-02-20 22:07:00,32,0,Thursday,10.895173704437102,11.011857855273039
2020-02-20,KKP,11528,12138,3,2658108,2020-02-20 22:23:00,2020-02-20 22:25:00,45,0,Thursday,12.445733689260475,12.878776316762142
2020-02-20,GJUT,11528,12138,4,2734206,2020-02-20 22:38:00,2020-02-20 22:40:00,61,0,Thursday,14.441954635558485,15.980748558650347
2020-02-20,GNA,11528,12138,5,2742572,2020-02-20 22:54:00,2020-02-20 22:56:00,76,0,Thursday,15.673443655020197,16.15307948499913
2020-02-20,BTI,11528,12138,6,2657716,2020-02-20 23:25:00,2020-02-20 23:50:00,88,0,Thursday,2.607004478656263,8.732956709295994
2020-02-20,MAUR,11528,12138,7,2658362,2020-02-21 00:14:00,2020-02-21 00:16:00,122,1,Thursday,10.52050831113332,11.125544119405728
2020-02-20,MSZ,11528,12138,8,2659151,2020-02-21 00:31:00,2020-02-21 00:33:00,140,1,Thursday,11.811862021906663,12.45247810832764
2020-02-20,BLZ,11528,12138,9,2658107,2020-02-21 00:47:00,2020-02-21 00:49:00,156,1,Thursday,12.193908175158175,13.029154753150294
2020-02-20,BRZ,11528,12138,10,2733490,2020-02-21 01:02:00,2020-02-21 01:04:00,172,1,Thursday,13.949997915516164,12.49205885467046
2020-02-20,JHL,11528,12138,11,2659348,2020-02-21 01:21:00,2020-02-21 01:23:00,186,1,Thursday,9.48746791014386,9.609115537240532
2020-02-20,TUN,11528,12138,12,2657804,2020-02-21 01:33:00,2020-02-21 01:35:00,198,1,Thursday,11.574387228181875,11.464968490795696
2020-02-20,NRW,11528,12138,13,2659565,2020-02-21 01:54:00,2020-02-21 01:56:00,224,1,Thursday,12.659044234607128,13.474378676052774
2020-02-20,JIND,11528,12138,14,2658192,2020-02-21 02:25:00,2020-02-21 02:28:00,258,1,Thursday,10.188547778279915,9.118525699906998
2020-02-20,ROK,11528,12138,15,2659284,2020-02-21 03:10:00,2020-02-21 03:12:00,315,1,Thursday,6.639490321186749,7.945621429661602
2020-02-20,BGZ,11528,12138,16,2657989,2020-02-21 03:38:00,2020-02-21 03:40:00,355,1,Thursday,8.577688149852017,8.100367054115743
2020-02-20,SSB,11528,12138,17,2658315,2020-02-21 04:18:00,2020-02-21 04:20:00,374,1,Thursday,3.0691910602624892,5.10988988105619
2020-02-20,DKZ,11528,12138,18,2659013,2020-02-21 04:33:00,2020-02-21 04:35:00,382,1,Thursday,3.816135369260369,6.241111213813424
2020-02-20,NDLS,11528,12138,19,2657756,2020-02-21 05:00:00,2020-02-21 05:15:00,386,1,Thursday,2.1779944794059807,4.269045934224506
2020-02-20,FDB,11528,12138,20,2659398,2020-02-21 05:41:00,2020-02-21 05:43:00,414,1,Thursday,11.342298622949489,11.82531310236798
2020-02-20,KSV,11528,12138,21,2734622,2020-02-21 06:57:00,2020-02-21 06:59:00,486,1,Thursday,7.241781069459636,15.730270184511241
2020-02-20,MTJ,11528,12138,22,2659144,2020-02-21 07:38:00,2020-02-21 07:40:00,527,1,Thursday,11.032509989718498,13.647824639276843
2020-02-20,RKM,11528,12138,23,2659326,2020-02-21 08:14:00,2020-02-21 08:16:00,577,1,Thursday,12.002543822744727,15.778409456245594
2020-02-20,AGC,11528,12138,24,2657986,2020-02-21 08:30:00,2020-02-21 08:35:00,581,1,Thursday,9.90471944143819,15.116559909463009
2020-02-20,DHO,11528,12138,25,2659095,2020-02-21 09:25:00,2020-02-21 09:27:00,634,1,Thursday,6.243920489232988,7.488822390115718
2020-02-20,MRA,11528,12138,26,2659193,2020-02-21 09:53:00,2020-02-21 09:55:00,661,1,Thursday,9.404772909066507,9.247892162401095
2020-02-20,GWL,11528,12138,27,2658454,2020-02-21 10:35:00,2020-02-21 10:40:00,699,1,Thursday,4.893839229553523,8.762538289735184
2020-02-20,DBA,11528,12138,28,2658414,2020-02-21 11:15:00,2020-02-21 11:17:00,741,1,Thursday,10.011431753159695,13.765950199767165
2020-02-20,DAA,11528,12138,29,2658432,2020-02-21 11:38:00,2020-02-21 11:40:00,772,1,Thursday,14.84675044381583,17.564062433199794
2020-02-20,JHS,11528,12138,30,2659350,2020-02-21 12:25:00,2020-02-21 12:35:00,797,1,Thursday,1.15308591458145,6.647459978756969
2020-02-20,BAB,11528,12138,31,2657894,2020-02-21 13:00:00,2020-02-21 13:02:00,822,1,Thursday,20.022372325727105,22.257057393664553
2020-02-20,LAR,11528,12138,32,2658398,2020-02-21 13:47:00,2020-02-21 13:49:00,887,1,Thursday,32.13425673615406,35.94518574110879
2020-02-20,BINA,11528,12138,33,2657929,2020-02-21 14:45:00,2020-02-21 14:50:00,950,1,Thursday,114.59680873029076,111.39483866001731
2020-02-20,BAQ,11528,12138,34,2657881,2020-02-21 15:23:00,2020-02-21 15:25:00,996,1,Thursday,115.94712878886978,111.56103763960915
2020-02-20,BHS,11528,12138,35,2658012,2020-02-21 15:52:00,2020-02-21 15:54:00,1035,1,Thursday,116.27888426883952,111.64097433651011
2020-02-20,BPL,11528,12138,36,2658194,2020-02-21 16:50:00,2020-02-21 16:55:00,1088,1,Thursday,116.35660653830288,111.50570257289014
2020-02-20,HBJ,11528,12138,37,2658440,2020-02-21 17:07:00,2020-02-21 17:09:00,1095,1,Thursday,115.39714886634526,110.18753009556588
2020-02-20,HBD,11528,12138,38,2658443,2020-02-21 18:13:00,2020-02-21 18:15:00,1162,1,Thursday,115.61552684253573,110.10749572847793
2020-02-20,ET,11528,12138,39,2658804,2020-02-21 18:40:00,2020-02-21 18:46:00,1180,1,Thursday,115.34014118322145,110.17816135583999
2020-02-20,BPF,11528,12138,40,2731917,2020-02-21 19:13:00,2020-02-21 19:15:00,1214,1,Thursday,111.13320601963585,104.4037715921645
2020-02-20,HD,11528,12138,41,2658940,2020-02-21 19:43:00,2020-02-21 19:45:00,1256,1,Thursday,111.41652260384528,104.23685336654093
2020-02-20,KKN,11528,12138,42,2731952,2020-02-21 20:10:00,2020-02-21 20:12:00,1288,1,Thursday,109.62850423993412,102.16525365342332
2020-02-20,KNW,11528,12138,43,2658041,2020-02-21 21:35:00,2020-02-21 21:40:00,1364,1,Thursday,105.55026543178454,98.10223378638554
2020-02-20,BAU,11528,12138,44,2657885,2020-02-21 22:28:00,2020-02-21 22:30:00,1433,1,Thursday,91.00044196655934,84.8415060220864
2020-02-20,BSL,11528,12138,45,2657664,2020-02-21 23:30:00,2020-02-21 23:35:00,1487,1,Thursday,82.97077808711867,81.5912415048576
2020-02-20,JL,11528,12138,46,2658959,2020-02-22 23:59:00,2020-02-22 00:01:00,1511,2,Thursday,40.8419371376173,43.16640858314967
2020-02-20,CSN,11528,12138,47,2658714,2020-02-22 00:59:00,2020-02-22 01:01:00,1604,2,Thursday,32.974686481527364,31.119599811078285
2020-02-20,MMR,11528,12138,48,2658996,2020-02-22 01:50:00,2020-02-22 01:55:00,1671,2,Thursday,36.80408357014082,38.10478596304489
2020-02-20,NK,11528,12138,49,2658902,2020-02-22 02:45:00,2020-02-22 02:50:00,1744,2,Thursday,43.34337759388865,43.632391120784
2020-02-20,DVL,11528,12138,50,2733304,2020-02-22 02:58:00,2020-02-22 03:00:00,1750,2,Thursday,42.04119103449461,48.30566114606294
2020-02-20,IGP,11528,12138,51,2658818,2020-02-22 04:25:00,2020-02-22 04:30:00,1795,2,Thursday,17.926161776384994,22.056532817332442
2020-02-20,KYN,11528,12138,52,2658310,2020-02-22 06:20:00,2020-02-22 06:25:00,1877,2,Thursday,36.90646660713626,45.59250974719727
2020-02-20,DR,11528,12138,53,2658794,2020-02-22 07:02:00,2020-02-22 07:05:00,1919,2,Thursday,39.75679052263873,50.94929910945538
2020-02-20,CSMT,11528,12138,54,10448787,2020-02-22 07:45:00,,1928,2,Thursday,39.88042489917492,0.020337301587301588
2020-02-20,CSMT,11529,12139,1,10448787,,2020-02-20 14:55:00,0,0,Thursday,0.012509448223733935,5.495431821961496
2020-02-20,DR,11529,12139,2,2658794,2020-02-20 15:02:00,2020-02-20 15:05:00,9,0,Thursday,3.722118741873203,2.917609994172493
2020-02-20,TNA,11529,12139,3,2658206,2020-02-20 15:30:00,2020-02-20 15:33:00,33,0,Thursday,7.330935726806261,6.731915102385167
2020-02-20,KYN,11529,12139,4,2658310,2020-02-20 15:55:00,2020-02-20 15:58:00,51,0,Thursday,4.2865385358688926,5.743824696739615
2020-02-20,KSRA,11529,12139,5,2658819,2020-02-20 16:58:00,2020-02-20 17:00:00,118,0,Thursday,9.298654805016405,14.449522318882874
2020-02-20,IGP,11529,12139,6,2658818,2020-02-20 17:30:00,2020-02-20 17:35:00,133,0,Thursday,8.304467878351806,10.135124463295423
2020-02-20,DVL,11529,12139,7,2733304,2020-02-20 18:15:00,2020-02-20 18:17:00,178,0,Thursday,7.71336686182234,8.981561812030558
2020-02-20,NK,11529,12139,8,2658902,2020-02-20 18:25:00,2020-02-20 18:30:00,183,0,Thursday,7.099060194930726,7.988623896771217
2020-02-20,NR,11529,12139,9,2658921,2020-02-20 18:58:00,2020-02-20 19:00:00,215,0,Thursday,6.495931684882582,12.98155438238816
2020-02-20,LS,11529,12139,10,2658888,2020-02-20 19:18:00,2020-02-20 19:20:00,231,0,Thursday,7.858363598207349,9.272745136807638
2020-02-20,MMR,11529,12139,11,2658996,2020-02-20 19:42:00,2020-02-20 19:45:00,256,0,Thursday,8.08800966725074,11.119944202914269
2020-02-20,NGN,11529,12139,12,2659357,2020-02-20 20:08:00,2020-02-20 20:10:00,282,0,Thursday,8.86651737173493,10.18125345976581
2020-02-20,CSN,11529,12139,13,2658714,2020-02-20 20:38:00,2020-02-20 20:40:00,324,0,Thursday,8.356754468697465,10.355076456573304
2020-02-20,PC,11529,12139,14,2659051,2020-02-20 21:08:00,2020-02-20 21:10:00,368,0,Thursday,12.914630143248557,13.598522677816272
2020-02-20,JL,11529,12139,15,2658959,2020-02-20 21:48:00,2020-02-20 21:50:00,416,0,Thursday,19.831234668984152,22.330401142343096
2020-02-20,BSL,11529,12139,16,2657664,2020-02-20 22:20:00,2020-02-20 22:25:00,440,0,Thursday,16.26778807336843,25.344479573832245
2020-02-20,VNA,11529,12139,17,2659096,2020-02-20 22:44:00,2020-02-20 22:45:00,453,0,Thursday,25.52531419109021,28.886595245858615
2020-02-20,BDWD,11529,12139,18,2658441,2020-02-20 23:03:00,2020-02-20 23:05:00,471,0,Thursday,29.471004793477196,29.783430425394684
2020-02-20,MKU,11529,12139,19,2659030,2020-02-20 23:23:00,2020-02-20 23:25:00,490,0,Thursday,29.00283861359227,31.545792352488757
2020-02-20,NN,11529,12139,20,2658901,2020-02-20 23:48:00,2020-02-20 23:50:00,518,0,Thursday,29.48015197070473,31.290142719383773
2020-02-20,JM,11529,12139,21,2733461,2020-02-21 00:13:00,2020-02-21 00:15:00,530,1,Thursday,23.117187341379832,24.907105123032114
2020-02-20,SEG,11529,12139,22,2658547,2020-02-21 00:28:00,2020-02-21 00:30:00,543,1,Thursday,21.134585365809105,22.419225676292164
2020-02-20,AK,11529,12139,23,2658847,2020-02-21 01:10:00,2020-02-21 01:15:00,580,1,Thursday,10.537693927852805,13.242800310926631
2020-02-20,MZR,11529,12139,24,2659323,2020-02-21 01:45:00,2020-02-21 01:47:00,617,1,Thursday,13.920755719731554,14.578662082791553
2020-02-20,BD,11529,12139,25,2658859,2020-02-21 02:35:00,2020-02-21 02:40:00,659,1,Thursday,3.7405107662723176,11.986457096436093
2020-02-20,CND,11529,12139,26,2658592,2020-02-21 03:05:00,2020-02-21 03:07:00,688,1,Thursday,10.824073442265398,13.203930697092254
2020-02-20,DMN,11529,12139,27,2659179,2020-02-21 03:20:00,2020-02-21 03:22:00,704,1,Thursday,10.417310735725918,12.865193757427217
2020-02-20,PLO,11529,12139,28,2658333,2020-02-21 03:37:00,2020-02-21 03:39:00,724,1,Thursday,13.202707535277133,15.631532104634784
2020-02-20,WR,11529,12139,29,2658999,2020-02-21 04:10:00,2020-02-21 04:20:00,754,1,Thursday,4.360282157249073,10.469697221594547
2020-02-20,SEGM,11529,12139,30,2658373,2020-02-21 04:25:00,2020-02-21 04:27:00,757,1,Thursday,9.774791461845034,12.844559679203853
2020-02-20,BPK,11529,12139,31,2658195,2020-02-21 06:15:00,2020-02-21 06:16:00,769,1,Thursday,10.749853928313753,13.733348853818912
2020-02-20,SNN,11529,12139,32,2658762,2020-02-21 06:30:00,2020-02-21 06:31:00,776,1,Thursday,9.26426904775119,13.24950124344405
2020-02-20,SNI,11529,12139,33,2658757,2020-02-21 04:48:00,2020-02-21 04:50:00,786,1,Thursday,17.28262452538318,17.67335500147999
2020-02-20,HGT,11529,12139,34,2658236,2020-02-21 06:53:00,2020-02-21 06:54:00,793,1,Thursday,17.84353972212427,18.40531930040858
2020-02-20,NGI,11529,12139,35,2659370,2020-02-21 07:13:00,2020-02-21 07:14:00,808,1,Thursday,16.99746171803026,17.9268064379015
2020-02-20,CKNI,11529,12139,36,2733459,2020-02-21 07:25:00,2020-02-21 07:26:00,821,1,Thursday,15.985086635421462,16.794642738602835
2020-02-20,AJNI,11529,12139,37,2659433,2020-02-21 05:35:00,2020-02-21 05:37:00,830,1,Thursday,12.405427843485882,14.010123942982402
2020-02-20,WRR,11529,12139,38,2658633,2020-02-21 07:36:00,2020-02-21 07:37:00,831,1,Thursday,11.336725068086675,14.376444125297647
2020-02-20,NGP,11529,12139,39,2659359,2020-02-21 06:05:00,,833,1,Thursday,3.675235710057136,0.0
2020-02-20,MJRI,11529,12139,40,2658822,2020-02-21 07:47:00,2020-02-21 07:48:00,843,1,Thursday,4.588331955985579,0.1054421768707483
2020-02-20,BUX,11529,12139,41,2657773,2020-02-21 07:58:00,2020-02-21 07:59:00,853,1,Thursday,3.526294362199035,0.006164965986394557
2020-02-20,TAE,11529,12139,42,2658360,2020-02-21 08:09:00,2020-02-21 08:10:00,862,1,Thursday,4.132704155137187,0.03210034013605442
2020-02-20,CD,11529,12139,43,2658780,2020-02-21 08:30:00,2020-02-21 08:32:00,877,1,Thursday,4.990660625166923,0.029832766439909304
2020-02-20,BUPH,11529,12139,44,2733414,2020-02-21 08:41:00,2020-02-21 08:42:00,882,1,Thursday,2.7161475307877607,0.03323412698412699
2020-02-20,GNVR,11529,12139,45,2750135,2020-02-21 08:47:00,2020-02-21 08:48:00,886,1,Thursday,8.347887463066032,12.214911522835632
2020-02-20,BPQ,11529,12139,46,2658211,2020-02-21 09:45:00,,891,1,Thursday,9.936202186537004,0.004464285714285714
2020-02-20,SBC,11615,12295,1,2659471,,2020-02-20 09:00:00,0,0,Thursday,0.017611489040060466,2.4362129520611657
2020-02-20,BNC,11615,12295,2,2658151,2020-02-20 09:10:00,2020-02-20 09:12:00,4,0,Thursday,3.7930210373290714,5.099198474310078
2020-02-20,KJM,11615,12295,3,2657967,2020-02-20 09:21:00,2020-02-20 09:23:00,14,0,Thursday,10.662417534515752,12.664162811346367
2020-02-20,BWT,11615,12295,4,2657742,2020-02-20 10:08:00,2020-02-20 10:10:00,70,0,Thursday,9.957205385553593,8.871737844321876
2020-02-20,KPN,11615,12295,5,2658185,2020-02-20 10:36:00,2020-02-20 10:38:00,104,0,Thursday,10.184061300802364,10.241638983924958
2020-02-20,JTJ,11615,12295,6,2657662,2020-02-20 11:28:00,2020-02-20 11:30:00,145,0,Thursday,3.4549379729067264,5.466929338023087
2020-02-20,KPD,11615,12295,7,2658215,2020-02-20 12:35:00,2020-02-20 12:40:00,229,0,Thursday,4.620300636765977,5.421631617633453
2020-02-20,AJJ,11615,12295,8,2658079,2020-02-20 13:33:00,2020-02-20 13:35:00,290,0,Thursday,6.1338855217203445,8.154038459303692
2020-02-20,MAS,11615,12295,9,2658933,2020-02-20 15:15:00,2020-02-20 15:40:00,359,0,Thursday,7.749989337712553,4.630923272572431
2020-02-20,GDR,11615,12295,10,2657687,2020-02-20 17:43:00,2020-02-20 17:45:00,496,0,Thursday,3.578202194339272,8.812027167121705
2020-02-20,NLR,11615,12295,11,2659518,2020-02-20 18:06:00,2020-02-20 18:08:00,535,0,Thursday,19.271220764189522,19.86477777348312
2020-02-20,OGL,11615,12295,12,2657808,2020-02-20 19:33:00,2020-02-20 19:34:00,651,0,Thursday,24.51979650203127,26.158845853318006
2020-02-20,BZA,11615,12295,13,2657824,2020-02-20 22:10:00,2020-02-20 22:20:00,790,0,Thursday,0.4092598084785584,8.374121757045867
2020-02-20,WL,11615,12295,14,2659008,2020-02-21 01:05:00,2020-02-21 01:06:00,996,1,Thursday,30.75066487745059,27.237266003672236
2020-02-20,RDM,11615,12295,15,2733232,2020-02-21 02:39:00,2020-02-21 02:40:00,1098,1,Thursday,23.90575035496911,22.403286968439264
2020-02-20,SKZR,11615,12295,16,2733191,2020-02-21 03:32:00,2020-02-21 03:33:00,1170,1,Thursday,26.263261354221175,24.30636904674456
2020-02-20,BPQ,11615,12295,17,2658211,2020-02-21 04:55:00,2020-02-21 05:05:00,1240,1,Thursday,16.879490788642574,21.9971186658424
2020-02-20,CD,11615,12295,18,2658780,2020-02-21 05:19:00,2020-02-21 05:20:00,1253,1,Thursday,19.22354484553145,19.69053445095985
2020-02-20,SEGM,11615,12295,19,2658373,2020-02-21 07:02:00,2020-02-21 07:03:00,1372,1,Thursday,17.253499183521495,18.28385138996351
2020-02-20,NGP,11615,12295,20,2659359,2020-02-21 08:25:00,2020-02-21 08:30:00,1448,1,Thursday,20.14701032680943,21.7968589446268
2020-02-20,PAR,11615,12295,21,2658393,2020-02-21 10:08:00,2020-02-21 10:09:00,1553,1,Thursday,18.438482481182056,25.149516821102946
2020-02-20,BZU,11615,12295,22,2657828,2020-02-21 11:40:00,2020-02-21 11:41:00,1639,1,Thursday,18.437564900911802,29.054671930203718
2020-02-20,GDYA,11615,12295,23,2731936,2020-02-21 12:22:00,2020-02-21 12:24:00,1676,1,Thursday,62.36900954340557,70.54006597734276
2020-02-20,ET,11615,12295,24,2658804,2020-02-21 14:25:00,2020-02-21 14:35:00,1746,1,Thursday,100.06492051074508,120.52836896462159
2020-02-20,PPI,11615,12295,25,2658657,2020-02-21 15:28:00,2020-02-21 15:30:00,1814,1,Thursday,177.88946018238292,177.91565947668877
2020-02-20,NU,11615,12295,26,2658919,2020-02-21 16:32:00,2020-02-21 16:34:00,1907,1,Thursday,179.62941051809221,170.91345093787314
2020-02-20,JBP,11615,12295,27,2659444,2020-02-21 17:50:00,2020-02-21 18:00:00,1992,1,Thursday,160.8845032365121,156.96524338319244
2020-02-20,KTE,11615,12295,28,2658224,2020-02-21 19:25:00,2020-02-21 19:30:00,2082,1,Thursday,112.995345560524,117.53153672939644
2020-02-20,MYR,11615,12295,29,2659313,2020-02-21 20:13:00,2020-02-21 20:15:00,2145,1,Thursday,112.36240962245421,115.57319559962677
2020-02-20,STA,11615,12295,30,2658311,2020-02-21 21:00:00,2020-02-21 21:10:00,2181,1,Thursday,111.80610451882764,104.37426862547662
2020-02-20,PCOI,11615,12295,31,10448784,2020-02-22 01:10:00,2020-02-22 01:15:00,2351,2,Thursday,123.04425391903067,118.05789497374313
2020-02-20,MZP,11615,12295,32,2659327,2020-02-22 02:40:00,2020-02-22 02:45:00,2431,2,Thursday,120.59220453818662,114.2764951731469
2020-02-20,DDU,11615,12295,33,10448973,2020-02-22 05:08:00,2020-02-22 05:18:00,2494,2,Thursday,125.46515538859285,118.0490988921792
2020-02-20,BXR,11615,12295,34,2657796,2020-02-22 06:32:00,2020-02-22 06:34:00,2588,2,Thursday,116.40417268743155,111.95000059464341
2020-02-20,ARA,11615,12295,35,2657706,2020-02-22 07:53:00,2020-02-22 07:55:00,2657,2,Thursday,116.62582533207528,110.31417165836807
2020-02-20,DNR,11615,12295,36,2659203,2020-02-22 09:05:00,,2696,2,Thursday,140.07423403316253,0.0
2020-02-20,HWH,13260,12311,1,2659041,,2020-02-20 19:40:00,0,0,Thursday,0.007747543461829175,4.760942215852931
2020-02-20,BWN,13260,12311,2,2733587,2020-02-20 20:50:00,2020-02-20 20:55:00,95,0,Thursday,6.461886550949045,6.777782421729375
2020-02-20,DGR,13260,12311,3,2659071,2020-02-20 21:43:00,2020-02-20 21:45:00,158,0,Thursday,6.151185283748309,5.443983246464864
2020-02-20,ASN,13260,12311,4,2657726,2020-02-20 22:17:00,2020-02-20 22:22:00,201,0,Thursday,6.6640805953305975,6.4560262637008945
2020-02-20,DHN,13260,12311,5,2659097,2020-02-20 23:26:00,2020-02-20 23:31:00,259,0,Thursday,10.348313166321308,13.343715905408404
2020-02-20,GMO,13260,12311,6,2658618,2020-02-21 23:56:00,2020-02-21 00:01:00,289,1,Thursday,15.11474312287075,17.72372525787703
2020-02-20,PNME,13260,12311,7,2734393,2020-02-21 00:12:00,2020-02-21 00:15:00,307,1,Thursday,26.146070648053318,24.749798448905597
2020-02-20,HZD,13260,12311,8,2658990,2020-02-21 00:36:00,2020-02-21 00:39:00,334,1,Thursday,22.852614988303017,21.21115901294472
2020-02-20,KQR,13260,12311,9,2733883,2020-02-21 01:11:00,2020-02-21 01:14:00,382,1,Thursday,27.5223866989492,24.982500345223563
2020-02-20,GAYA,13260,12311,10,2657836,2020-02-21 02:55:00,2020-02-21 03:00:00,458,1,Thursday,5.137251744617811,12.366578003093233
2020-02-20,DOS,13260,12311,11,2659213,2020-02-21 03:57:00,2020-02-21 03:59:00,543,1,Thursday,16.834260332921048,17.125892245981515
2020-02-20,SSM,13260,12311,12,2658320,2020-02-21 04:12:00,2020-02-21 04:14:00,561,1,Thursday,15.82886756101042,16.437090639480346
2020-02-20,BBU,13260,12311,13,2657908,2020-02-21 04:45:00,2020-02-21 04:47:00,609,1,Thursday,15.69759896990071,17.78068928013125
2020-02-20,DDU,13260,12311,14,10448973,2020-02-21 06:10:00,2020-02-21 06:25:00,663,1,Thursday,9.051055814225458,11.03406156508835
2020-02-20,MZP,13260,12311,15,2659327,2020-02-21 07:35:00,2020-02-21 07:37:00,727,1,Thursday,14.551469215308513,16.532853189595567
2020-02-20,PRYJ,13260,12311,16,2658173,2020-02-21 09:00:00,2020-02-21 09:10:00,816,1,Thursday,14.55945478132977,15.733879430754428
2020-02-20,FTP,13260,12311,17,2657927,2020-02-21 10:50:00,2020-02-21 10:52:00,933,1,Thursday,82.34650183916756,92.78795301920302
2020-02-20,CNB,13260,12311,18,2658594,2020-02-21 12:25:00,2020-02-21 12:35:00,1010,1,Thursday,113.11499173873115,129.3403031574907
2020-02-20,PHD,13260,12311,19,2658263,2020-02-21 13:44:00,2020-02-21 13:46:00,1094,1,Thursday,140.25206817915583,145.27259755786548
2020-02-20,ETW,13260,12311,20,2659554,2020-02-21 14:25:00,2020-02-21 14:30:00,1150,1,Thursday,148.22799769553322,152.86280889249647
2020-02-20,SKB,13260,12311,21,2658678,2020-02-21 15:06:00,2020-02-21 15:08:00,1205,1,Thursday,150.42129879753963,154.04551976627883
2020-02-20,FZD,13260,12311,22,2657816,2020-02-21 15:30:00,2020-02-21 15:35:00,1225,1,Thursday,151.26229764657418,154.11909308449492
2020-02-20,TDL,13260,12311,23,2658366,2020-02-21 16:10:00,2020-02-21 16:15:00,1242,1,Thursday,150.80731714427225,153.29133244401106
2020-02-20,HRS,13260,12311,24,2659104,2020-02-21 16:53:00,2020-02-21 16:55:00,1290,1,Thursday,150.46212328389987,153.10902435031906
2020-02-20,ALJN,13260,12311,25,2658371,2020-02-21 17:20:00,2020-02-21 17:25:00,1320,1,Thursday,149.41305457813473,151.61162959064748
2020-02-20,KRJ,13260,12311,26,2658133,2020-02-21 17:55:00,2020-02-21 17:57:00,1363,1,Thursday,146.13194157737885,148.19980788061144
2020-02-20,GZB,13260,12311,27,2658532,2020-02-21 20:00:00,2020-02-21 20:02:00,1426,1,Thursday,114.03270957494298,113.12794827114024
2020-02-20,DLI,13260,12311,28,2659025,2020-02-21 21:00:00,2020-02-21 21:30:00,1446,1,Thursday,110.72457003756236,112.93061205907188
2020-02-20,SZM,13260,12311,29,2658271,2020-02-21 21:43:00,2020-02-21 21:45:00,1449,1,Thursday,110.54815334083317,111.38064137003866
2020-02-20,SNP,13260,12311,30,2658765,2020-02-21 22:14:00,2020-02-21 22:16:00,1489,1,Thursday,105.93163118904319,109.8797019159742
2020-02-20,GNU,13260,12311,31,2731978,2020-02-21 22:29:00,2020-02-21 22:31:00,1505,1,Thursday,105.93192362973741,108.5335946997777
2020-02-20,SMK,13260,12311,32,2658733,2020-02-21 22:43:00,2020-02-21 22:45:00,1518,1,Thursday,105.4652633224521,108.3276420462804
2020-02-20,PNP,13260,12311,33,2658611,2020-02-21 23:01:00,2020-02-21 23:03:00,1535,1,Thursday,104.72565686409565,107.46396617189025
2020-02-20,KUN,13260,12311,34,2658272,2020-02-21 23:30:00,2020-02-21 23:32:00,1569,1,Thursday,105.08887621749355,107.56947867360812
2020-02-20,KKDE,13260,12311,35,2659417,2020-02-22 00:36:00,2020-02-22 00:38:00,1602,2,Thursday,51.17698598937435,55.27305647807886
2020-02-20,UMB,13260,12311,36,2659509,2020-02-22 01:55:00,2020-02-22 02:05:00,1644,2,Thursday,44.63181573717287,55.153306609891445
2020-02-20,CDG,13260,12311,37,2658510,2020-02-22 02:55:00,2020-02-22 03:55:00,1689,2,Thursday,49.53010477213367,50.43401093731977
2020-02-20,CNDM,13260,12311,38,2658553,2020-02-22 04:08:00,2020-02-22 04:10:00,1698,2,Thursday,40.10204554043838,47.21861761580119
2020-02-20,KLK,13260,12311,39,2658088,2020-02-22 04:35:00,,1714,2,Thursday,34.00058529239201,0.020337301587301588
2020-02-20,HWH,11628,12321,1,2659041,,2020-02-20 21:55:00,0,0,Thursday,0.007747543461829175,11.753036241205884
2020-02-20,BWN,11628,12321,2,2733587,2020-02-20 23:05:00,2020-02-20 23:10:00,95,0,Thursday,11.9417879974931,8.675156554706186
2020-02-20,PAN,11628,12321,3,2658408,2020-02-20 23:47:00,2020-02-20 23:49:00,143,0,Thursday,6.278394590645116,6.3382117279701236
2020-02-20,DGR,11628,12321,4,2659071,2020-02-21 00:02:00,2020-02-21 00:04:00,158,1,Thursday,9.23462545225938,6.852326426879999
2020-02-20,RNG,11628,12321,5,2659248,2020-02-21 00:21:00,2020-02-21 00:23:00,182,1,Thursday,7.971615033688303,6.52322555503359
2020-02-20,ASN,11628,12321,6,2657726,2020-02-21 00:38:00,2020-02-21 00:43:00,201,1,Thursday,13.405653619742392,7.504258287425297
2020-02-20,BRR,11628,12321,7,2657670,2020-02-21 01:03:00,2020-02-21 01:05:00,218,1,Thursday,11.415300221438619,8.025221475779508
2020-02-20,DHN,11628,12321,8,2659097,2020-02-21 02:05:00,2020-02-21 02:10:00,259,1,Thursday,1.8654753954320658,3.3500773721493275
2020-02-20,GMO,11628,12321,9,2658618,2020-02-21 02:34:00,2020-02-21 02:39:00,289,1,Thursday,3.7182198678325227,2.6750301660096816
2020-02-20,PNME,11628,12321,10,2734393,2020-02-21 02:52:00,2020-02-21 02:54:00,307,1,Thursday,8.453538853138387,7.738000264451157
2020-02-20,HZD,11628,12321,11,2658990,2020-02-21 03:21:00,2020-02-21 03:23:00,334,1,Thursday,2.015936192610301,4.173610674602011
2020-02-20,KQR,11628,12321,12,2733883,2020-02-21 03:55:00,2020-02-21 03:57:00,382,1,Thursday,10.288829284141794,8.27347495840799
2020-02-20,GAYA,11628,12321,13,2657836,2020-02-21 05:19:00,2020-02-21 05:24:00,458,1,Thursday,2.903638218593573,8.91405021507438
2020-02-20,AUBR,11628,12321,14,2657990,2020-02-21 06:08:00,2020-02-21 06:10:00,527,1,Thursday,9.169768013071584,11.240982555852572
2020-02-20,DOS,11628,12321,15,2659213,2020-02-21 06:26:00,2020-02-21 06:28:00,543,1,Thursday,18.594807881785094,16.76982911414371
2020-02-20,SSM,11628,12321,16,2658320,2020-02-21 06:39:00,2020-02-21 06:41:00,561,1,Thursday,24.33005894568394,21.501319267508887
2020-02-20,BBU,11628,12321,17,2657908,2020-02-21 07:12:00,2020-02-21 07:14:00,609,1,Thursday,23.87322943043103,20.853795586076316
2020-02-20,DDU,11628,12321,18,10448973,2020-02-21 08:10:00,2020-02-21 08:30:00,663,1,Thursday,20.936031982237346,15.974505778175683
2020-02-20,CAR,11628,12321,19,2657877,2020-02-21 09:12:00,2020-02-21 09:14:00,695,1,Thursday,25.165804365416697,23.474920945699562
2020-02-20,MZP,11628,12321,20,2659327,2020-02-21 09:40:00,2020-02-21 09:45:00,727,1,Thursday,36.01423462450251,34.391193691928976
2020-02-20,BDL,11628,12321,21,2657953,2020-02-21 09:55:00,2020-02-21 09:57:00,734,1,Thursday,53.48226249805787,56.0922443992166
2020-02-20,PCOI,11628,12321,22,10448784,2020-02-21 11:17:00,2020-02-21 11:22:00,807,1,Thursday,49.70497097027431,43.533495365414964
2020-02-20,SRJ,11628,12321,23,2658642,2020-02-21 11:53:00,2020-02-21 11:54:00,844,1,Thursday,106.46310042349299,113.1008436950926
2020-02-20,MKP,11628,12321,24,2659032,2020-02-21 13:23:00,2020-02-21 13:25:00,899,1,Thursday,89.32297588615862,88.33787288686842
2020-02-20,STA,11628,12321,25,2658311,2020-02-21 14:40:00,2020-02-21 14:50:00,977,1,Thursday,118.1982676677232,124.38920930260214
2020-02-20,MYR,11628,12321,26,2659313,2020-02-21 15:13:00,2020-02-21 15:15:00,1012,1,Thursday,119.08234983885896,122.51611471365933
2020-02-20,KTE,11628,12321,27,2658224,2020-02-21 16:15:00,2020-02-21 16:20:00,1075,1,Thursday,118.71452232906718,124.20626366854046
2020-02-20,JBP,11628,12321,28,2659444,2020-02-21 17:40:00,2020-02-21 17:50:00,1166,1,Thursday,120.329676421007,125.327605165998
2020-02-20,SRID,11628,12321,29,2658579,2020-02-21 18:28:00,2020-02-21 18:30:00,1219,1,Thursday,120.95878639833124,126.40471330091863
2020-02-20,NU,11628,12321,30,2658919,2020-02-21 19:03:00,2020-02-21 19:05:00,1250,1,Thursday,119.6870330276939,123.68920499143711
2020-02-20,KY,11628,12321,31,2658865,2020-02-21 19:18:00,2020-02-21 19:20:00,1266,1,Thursday,120.29798407235033,124.67074779552455
2020-02-20,GAR,11628,12321,32,2657869,2020-02-21 19:43:00,2020-02-21 19:45:00,1295,1,Thursday,119.47501978465392,124.4189019561787
2020-02-20,PPI,11628,12321,33,2658657,2020-02-21 20:28:00,2020-02-21 20:30:00,1344,1,Thursday,116.69952183683452,123.93540032223068
2020-02-20,ET,11628,12321,34,2658804,2020-02-21 22:10:00,2020-02-21 22:20:00,1411,1,Thursday,103.93326382722043,112.79516550744232
2020-02-20,HD,11628,12321,35,2658940,2020-02-21 23:10:00,2020-02-21 23:12:00,1487,1,Thursday,105.27816651051593,111.85278595412527
2020-02-20,KNW,11628,12321,36,2658041,2020-02-22 00:57:00,2020-02-22 01:00:00,1595,2,Thursday,103.32147745717516,108.31274825538215
2020-02-20,NPNR,11628,12321,37,2731950,2020-02-22 01:33:00,2020-02-22 01:35:00,1637,2,Thursday,104.32486101145159,108.89615810776525
2020-02-20,BAU,11628,12321,38,2657885,2020-02-22 01:58:00,2020-02-22 02:00:00,1664,2,Thursday,105.04480129768648,108.44502589837408
2020-02-20,BSL,11628,12321,39,2657664,2020-02-22 02:55:00,2020-02-22 03:00:00,1718,2,Thursday,108.31620913092469,112.89401115827056
2020-02-20,JL,11628,12321,40,2658959,2020-02-22 03:23:00,2020-02-22 03:25:00,1742,2,Thursday,105.96791944937611,109.65769634048257
2020-02-20,CSN,11628,12321,41,2658714,2020-02-22 04:24:00,2020-02-22 04:25:00,1835,2,Thursday,110.24736100345349,112.8619004779456
2020-02-20,MMR,11628,12321,42,2658996,2020-02-22 05:32:00,2020-02-22 05:35:00,1902,2,Thursday,113.55890437274373,120.52657822744479
2020-02-20,NK,11628,12321,43,2658902,2020-02-22 06:57:00,2020-02-22 07:00:00,1975,2,Thursday,112.01340200804486,109.71264427779654
2020-02-20,DVL,11628,12321,44,2733304,2020-02-22 07:08:00,2020-02-22 07:10:00,1981,2,Thursday,111.54700538383577,107.82787499615222
2020-02-20,IGP,11628,12321,45,2658818,2020-02-22 08:30:00,2020-02-22 08:35:00,2026,2,Thursday,96.77694378207772,106.9146719954493
2020-02-20,KYN,11628,12321,46,2658310,2020-02-22 10:12:00,2020-02-22 10:15:00,2107,2,Thursday,96.0562260383952,97.90587932045385
2020-02-20,DR,11628,12321,47,2658794,2020-02-22 10:57:00,2020-02-22 11:00:00,2150,2,Thursday,94.73775873354397,94.78663360254748
2020-02-20,CSMT,11628,12321,48,10448787,2020-02-22 11:25:00,,2159,2,Thursday,92.62375533449587,0.0
2020-02-20,NDLS,11849,12616,1,2657756,,2020-02-20 18:40:00,0,0,Thursday,0.0026455026455026454,3.3633820131587995
2020-02-20,MTJ,11849,12616,2,2659144,2020-02-20 20:35:00,2020-02-20 20:40:00,141,0,Thursday,9.325045904628356,7.317124789892649
2020-02-20,RKM,11849,12616,3,2659326,2020-02-20 21:16:00,2020-02-20 21:18:00,191,0,Thursday,10.521410145740507,9.568204162735412
2020-02-20,AGC,11849,12616,4,2657986,2020-02-20 21:30:00,2020-02-20 21:35:00,195,0,Thursday,10.411533453464909,8.239584035342963
2020-02-20,DHO,11849,12616,5,2659095,2020-02-20 22:20:00,2020-02-20 22:22:00,248,0,Thursday,9.49462759049813,9.113020684672474
2020-02-20,MRA,11849,12616,6,2659193,2020-02-20 22:45:00,2020-02-20 22:47:00,275,0,Thursday,11.160569613917838,10.768869003020788
2020-02-20,GWL,11849,12616,7,2658454,2020-02-20 23:16:00,2020-02-20 23:21:00,313,0,Thursday,6.635556824468331,8.363499350047752
2020-02-20,JHS,11849,12616,8,2659350,2020-02-21 00:45:00,2020-02-21 00:55:00,411,1,Thursday,15.614454902736162,17.204484075098573
2020-02-20,BINA,11849,12616,9,2657929,2020-02-21 03:15:00,2020-02-21 03:20:00,564,1,Thursday,22.29088354190079,19.95007438605784
2020-02-20,BAQ,11849,12616,10,2657881,2020-02-21 03:52:00,2020-02-21 03:54:00,610,1,Thursday,27.272001524738833,26.83512642892239
2020-02-20,BHS,11849,12616,11,2658012,2020-02-21 04:23:00,2020-02-21 04:25:00,649,1,Thursday,22.03256879117532,21.23789244597413
2020-02-20,BPL,11849,12616,12,2658194,2020-02-21 05:20:00,2020-02-21 05:25:00,703,1,Thursday,20.066420779425943,19.652058645184965
2020-02-20,HBJ,11849,12616,13,2658440,2020-02-21 05:37:00,2020-02-21 05:39:00,709,1,Thursday,21.394872201502967,20.9933735802499
2020-02-20,HBD,11849,12616,14,2658443,2020-02-21 06:50:00,2020-02-21 06:52:00,776,1,Thursday,27.282859493350543,28.348529532490932
2020-02-20,ET,11849,12616,15,2658804,2020-02-21 07:21:00,2020-02-21 07:30:00,794,1,Thursday,25.99561439717689,24.91051480129736
2020-02-20,GDYA,11849,12616,16,2731936,2020-02-21 08:28:00,2020-02-21 08:30:00,865,1,Thursday,30.238032067098295,29.135690062009626
2020-02-20,BZU,11849,12616,17,2657828,2020-02-21 09:15:00,2020-02-21 09:18:00,901,1,Thursday,38.33103669717998,36.37005369771254
2020-02-20,AMLA,11849,12616,18,2657827,2020-02-21 09:43:00,2020-02-21 09:45:00,925,1,Thursday,13.62471495105424,13.300348345437628
2020-02-20,PAR,11849,12616,19,2658393,2020-02-21 10:41:00,2020-02-21 10:43:00,988,1,Thursday,15.202941354280648,15.57218519740842
2020-02-20,NRKR,11849,12616,20,2657941,2020-02-21 10:59:00,2020-02-21 11:01:00,1007,1,Thursday,12.451207902547191,15.324008655035446
2020-02-20,NGP,11849,12616,21,2659359,2020-02-21 12:25:00,2020-02-21 12:30:00,1093,1,Thursday,21.144940302752804,23.64458180295233
2020-02-20,SEGM,11849,12616,22,2658373,2020-02-21 13:32:00,2020-02-21 13:34:00,1169,1,Thursday,35.17207750014339,39.81203081392813
2020-02-20,HGT,11849,12616,23,2658236,2020-02-21 14:02:00,2020-02-21 14:04:00,1202,1,Thursday,37.103058803892566,40.786718783035745
2020-02-20,CD,11849,12616,24,2658780,2020-02-21 15:08:00,2020-02-21 15:11:00,1288,1,Thursday,40.82651957757656,44.62059329146382
2020-02-20,BPQ,11849,12616,25,2658211,2020-02-21 16:00:00,2020-02-21 16:05:00,1301,1,Thursday,33.473915006221986,39.51783534339338
2020-02-20,SKZR,11849,12616,26,2733191,2020-02-21 16:54:00,2020-02-21 16:55:00,1371,1,Thursday,43.207912855313054,44.149081787921055
2020-02-20,BPA,11849,12616,27,2732117,2020-02-21 17:31:00,2020-02-21 17:32:00,1410,1,Thursday,46.678467896239695,48.41358742530616
2020-02-20,MCI,11849,12616,28,2658898,2020-02-21 17:48:00,2020-02-21 17:49:00,1429,1,Thursday,48.768301661185056,48.61174039594469
2020-02-20,RDM,11849,12616,29,2733232,2020-02-21 17:59:00,2020-02-21 18:00:00,1443,1,Thursday,51.2352787152157,55.11832970610542
2020-02-20,WL,11849,12616,30,2659008,2020-02-21 19:30:00,2020-02-21 19:35:00,1544,1,Thursday,52.15501743796776,51.997904777198336
2020-02-20,KMT,11849,12616,31,2658066,2020-02-21 20:58:00,2020-02-21 21:00:00,1652,1,Thursday,52.312059457621466,55.97199138007959
2020-02-20,BZA,11849,12616,32,2657824,2020-02-21 23:15:00,2020-02-21 23:20:00,1751,1,Thursday,45.73182177032621,47.43150511758705
2020-02-20,TEL,11849,12616,33,2657987,2020-02-21 23:48:00,2020-02-21 23:49:00,1783,1,Thursday,49.74231138405245,50.38391476564402
2020-02-20,BPP,11849,12616,34,2658210,2020-02-22 00:21:00,2020-02-22 00:22:00,1825,2,Thursday,48.08176544704903,49.201785864646936
2020-02-20,CLX,11849,12616,35,2658650,2020-02-22 00:33:00,2020-02-22 00:34:00,1840,2,Thursday,48.062095934187546,51.61862549482691
2020-02-20,OGL,11849,12616,36,2657808,2020-02-22 01:17:00,2020-02-22 01:18:00,1890,2,Thursday,43.03360990132259,46.24416987438916
2020-02-20,NLR,11849,12616,37,2659518,2020-02-22 02:34:00,2020-02-22 02:35:00,2006,2,Thursday,65.9336495940159,77.68889395404624
2020-02-20,GDR,11849,12616,38,2657687,2020-02-22 03:53:00,2020-02-22 03:55:00,2045,2,Thursday,48.88866908578695,57.80917587946206
2020-02-20,MAS,11849,12616,39,2658933,2020-02-22 06:20:00,,2182,2,Thursday,65.1391532015876,0.006646825396825397
2020-02-20,ERS,11850,12617,1,2659585,,2020-02-20 10:50:00,0,0,Thursday,0.012509448223733939,6.12328351625227
2020-02-20,AWY,11850,12617,2,2657810,2020-02-20 11:08:00,2020-02-20 11:10:00,20,0,Thursday,20.105577971767552,19.47932125331679
2020-02-20,TCR,11850,12617,3,2658364,2020-02-20 12:10:00,2020-02-20 12:13:00,74,0,Thursday,36.137847475334354,37.779307069807295
2020-02-20,SRR,11850,12617,4,2658666,2020-02-20 13:05:00,2020-02-20 13:10:00,107,0,Thursday,28.002119575491427,34.54677871512822
2020-02-20,PTB,11850,12617,5,2658731,2020-02-20 13:24:00,2020-02-20 13:25:00,119,0,Thursday,33.079909650097406,34.64526502957437
2020-02-20,KTU,11850,12617,6,2658248,2020-02-20 13:38:00,2020-02-20 13:40:00,137,0,Thursday,32.76942825182717,35.09380242481608
2020-02-20,TIR,11850,12617,7,2657930,2020-02-20 13:53:00,2020-02-20 13:55:00,152,0,Thursday,31.94314860195245,34.41130638662808
2020-02-20,PGI,11850,12617,8,2658289,2020-02-20 14:08:00,2020-02-20 14:10:00,168,0,Thursday,35.53647537273456,37.22660288741564
2020-02-20,FK,11850,12617,9,2733324,2020-02-20 14:23:00,2020-02-20 14:25:00,183,0,Thursday,34.68809124198434,37.0237199556396
2020-02-20,CLT,11850,12617,10,2658645,2020-02-20 14:42:00,2020-02-20 14:45:00,193,0,Thursday,33.9675317232565,37.784940894092685
2020-02-20,QLD,11850,12617,11,2658803,2020-02-20 15:08:00,2020-02-20 15:10:00,218,0,Thursday,39.71278408799416,42.06786956842761
2020-02-20,BDJ,11850,12617,12,2733463,2020-02-20 15:28:00,2020-02-20 15:30:00,240,0,Thursday,39.63758610476045,42.2314004736996
2020-02-20,TLY,11850,12617,13,2733405,2020-02-20 15:53:00,2020-02-20 15:55:00,262,0,Thursday,38.354240713379326,41.20766151837582
2020-02-20,CAN,11850,12617,14,2657873,2020-02-20 16:22:00,2020-02-20 16:25:00,282,0,Thursday,39.261653389988474,40.653487447572275
2020-02-20,PAZ,11850,12617,15,2733469,2020-02-20 16:43:00,2020-02-20 16:45:00,304,0,Thursday,38.758402953255846,41.307232638587685
2020-02-20,PAY,11850,12617,16,2658397,2020-02-20 16:58:00,2020-02-20 17:00:00,316,0,Thursday,38.50856357305937,40.547299582226046
2020-02-20,NLE,11850,12617,17,2659513,2020-02-20 17:18:00,2020-02-20 17:20:00,336,0,Thursday,39.46813283151254,41.63406639923841
2020-02-20,KZE,11850,12617,18,2658323,2020-02-20 17:33:00,2020-02-20 17:35:00,345,0,Thursday,38.02180040649709,40.09553191930424
2020-02-20,KGQ,11850,12617,19,2658005,2020-02-20 17:53:00,2020-02-20 17:55:00,369,0,Thursday,36.901548105887635,38.96706478458711
2020-02-20,MAJN,11850,12617,20,2658724,2020-02-20 19:00:00,2020-02-20 19:15:00,416,0,Thursday,12.344948937471264,17.991210323241564
2020-02-20,UD,11850,12617,21,2658974,2020-02-20 21:06:00,2020-02-20 21:08:00,478,0,Thursday,12.755094214502043,13.44813277000777
2020-02-20,KUDA,11850,12617,22,2731989,2020-02-20 21:34:00,2020-02-20 21:36:00,510,0,Thursday,15.113401941001731,15.897238187718752
2020-02-20,BTJL,11850,12617,23,2659446,2020-02-20 22:22:00,2020-02-20 22:24:00,559,0,Thursday,34.99876089106001,29.922973794704326
2020-02-20,KT,11850,12617,24,2658864,2020-02-20 23:13:00,2020-02-20 23:15:00,614,0,Thursday,36.045409426882664,30.469946562783985
2020-02-20,KAWR,11850,12617,25,2658130,2020-02-21 00:12:00,2020-02-21 00:14:00,669,1,Thursday,34.642032233943645,34.86783223608983
2020-02-20,MAO,11850,12617,26,2658936,2020-02-21 01:25:00,2020-02-21 01:35:00,729,1,Thursday,34.31947871077335,36.58630146721663
2020-02-20,THVM,11850,12617,27,2657663,2020-02-21 02:20:00,2020-02-21 02:22:00,775,1,Thursday,37.82130215383857,39.780939185357475
2020-02-20,KKW,11850,12617,28,2734508,2020-02-21 03:32:00,2020-02-21 03:34:00,854,1,Thursday,29.890324997034554,34.690383948111084
2020-02-20,RN,11850,12617,29,2659091,2020-02-21 06:00:00,2020-02-21 06:05:00,965,1,Thursday,26.04003359818092,27.762143157203067
2020-02-20,CHI,11850,12617,30,2658572,2020-02-21 07:35:00,2020-02-21 07:37:00,1040,1,Thursday,31.754515842127425,37.909056045689475
2020-02-20,PNVL,11850,12617,31,2659322,2020-02-21 12:50:00,2020-02-21 12:55:00,1243,1,Thursday,5.281364964400684,6.30495238888096
2020-02-20,KYN,11850,12617,32,2658310,2020-02-21 13:40:00,2020-02-21 13:43:00,1277,1,Thursday,26.070407981952247,21.722825261970012
2020-02-20,IGP,11850,12617,33,2658818,2020-02-21 15:50:00,2020-02-21 15:55:00,1359,1,Thursday,4.62245095021763,17.118699926066
2020-02-20,NK,11850,12617,34,2658902,2020-02-21 16:35:00,2020-02-21 16:40:00,1410,1,Thursday,28.84802340554981,25.56609725426693
2020-02-20,MMR,11850,12617,35,2658996,2020-02-21 17:38:00,2020-02-21 17:40:00,1483,1,Thursday,26.88532718972859,27.20345946216484
2020-02-20,BSL,11850,12617,36,2657664,2020-02-21 20:00:00,2020-02-21 20:05:00,1667,1,Thursday,37.24632996798172,33.21727666348201
2020-02-20,BAU,11850,12617,37,2657885,2020-02-21 20:48:00,2020-02-21 20:50:00,1721,1,Thursday,53.28205451542505,47.67052565271446
2020-02-20,KNW,11850,12617,38,2658041,2020-02-21 22:32:00,2020-02-21 22:35:00,1790,1,Thursday,23.057990628749568,16.56084583181
2020-02-20,ET,11850,12617,39,2658804,2020-02-22 00:55:00,2020-02-22 01:05:00,1974,2,Thursday,30.048127927010682,27.802759488362156
2020-02-20,BPL,11850,12617,40,2658194,2020-02-22 02:40:00,2020-02-22 02:45:00,2065,2,Thursday,36.574659815261334,33.11937315851791
2020-02-20,BINA,11850,12617,41,2657929,2020-02-22 04:40:00,2020-02-22 04:45:00,2204,2,Thursday,35.57778579807477,30.0904440023566
2020-02-20,JHS,11850,12617,42,2659350,2020-02-22 06:45:00,2020-02-22 06:55:00,2357,2,Thursday,32.49594054720762,27.39424990931689
2020-02-20,GWL,11850,12617,43,2658454,2020-02-22 08:05:00,2020-02-22 08:10:00,2455,2,Thursday,38.14651142969816,38.346418970414504
2020-02-20,MRA,11850,12617,44,2659193,2020-02-22 08:37:00,2020-02-22 08:39:00,2493,2,Thursday,38.83540937038182,40.36672556527467
2020-02-20,AGC,11850,12617,45,2657986,2020-02-22 10:00:00,2020-02-22 10:05:00,2573,2,Thursday,31.082215961608025,37.359221107100566
2020-02-20,MTJ,11850,12617,46,2659144,2020-02-22 10:50:00,2020-02-22 10:52:00,2627,2,Thursday,32.68077760120169,39.78407341593397
2020-02-20,FDB,11850,12617,47,2659398,2020-02-22 12:41:00,2020-02-22 12:43:00,2740,2,Thursday,24.095961512518755,31.835415142892824
2020-02-20,NZM,11850,12617,48,2657830,2020-02-22 13:15:00,,2761,2,Thursday,24.007776453870207,0.006974969474969475
2020-02-20,TVC,11858,12625,1,2657792,,2020-02-20 11:15:00,0,0,Thursday,0.007407407407407408,10.77881320821841
2020-02-20,VAK,11858,12625,2,2733464,2020-02-20 11:49:00,2020-02-20 11:50:00,41,0,Thursday,18.121120685793745,17.196333511065653
2020-02-20,QLN,11858,12625,3,2658802,2020-02-20 12:22:00,2020-02-20 12:25:00,65,0,Thursday,19.491579224444237,15.848027023795154
2020-02-20,KYJ,11858,12625,4,2658308,2020-02-20 12:58:00,2020-02-20 13:00:00,105,0,Thursday,16.609059803748625,16.001997025257253
2020-02-20,MVLK,11858,12625,5,2733330,2020-02-20 13:09:00,2020-02-20 13:10:00,113,0,Thursday,21.99610757716062,20.64415585217187
2020-02-20,CNGR,11858,12625,6,2658479,2020-02-20 13:18:00,2020-02-20 13:20:00,126,0,Thursday,22.911750037038896,23.229575574159355
2020-02-20,TRVL,11858,12625,7,2658674,2020-02-20 13:29:00,2020-02-20 13:30:00,135,0,Thursday,26.046785666481032,26.072621960837566
2020-02-20,CGY,11858,12625,8,2733265,2020-02-20 13:44:00,2020-02-20 13:45:00,143,0,Thursday,24.070025221384192,23.25184246532723
2020-02-20,KTYM,11858,12625,9,2659533,2020-02-20 14:07:00,2020-02-20 14:10:00,161,0,Thursday,25.368178078826716,24.292966711257144
2020-02-20,VARD,11858,12625,10,2733466,2020-02-20 14:39:00,2020-02-20 14:40:00,185,0,Thursday,25.511136011805643,23.718752106028894
2020-02-20,ERN,11858,12625,11,2659586,2020-02-20 15:40:00,2020-02-20 15:45:00,221,0,Thursday,11.530894600458671,16.17352959734788
2020-02-20,AWY,11858,12625,12,2657810,2020-02-20 16:03:00,2020-02-20 16:05:00,237,0,Thursday,17.51107684672549,19.10480036687363
2020-02-20,TCR,11858,12625,13,2658364,2020-02-20 17:07:00,2020-02-20 17:10:00,292,0,Thursday,16.627989386071054,15.162481055213448
2020-02-20,OTP,11858,12625,14,2733328,2020-02-20 18:04:00,2020-02-20 18:05:00,336,0,Thursday,11.212317489884454,11.513945726892151
2020-02-20,PGT,11858,12625,15,2658283,2020-02-20 18:42:00,2020-02-20 18:45:00,367,0,Thursday,5.933216181043123,9.850254595330751
2020-02-20,CBE,11858,12625,16,2657867,2020-02-20 19:52:00,2020-02-20 19:55:00,423,0,Thursday,15.860549041149092,21.983414346459234
2020-02-20,TUP,11858,12625,17,2657806,2020-02-20 20:48:00,2020-02-20 20:50:00,474,0,Thursday,15.123439089845332,18.54354367645465
2020-02-20,ED,11858,12625,18,2658786,2020-02-20 21:50:00,2020-02-20 21:55:00,524,0,Thursday,10.73986224831813,17.039684578182477
2020-02-20,SA,11858,12625,19,2659084,2020-02-20 22:52:00,2020-02-20 22:55:00,584,0,Thursday,19.208042498273603,20.253911495153606
2020-02-20,JTJ,11858,12625,20,2657662,2020-02-21 00:43:00,2020-02-21 00:45:00,704,1,Thursday,5.38357203725508,9.021324232878856
2020-02-20,KPD,11858,12625,21,2658215,2020-02-21 02:00:00,2020-02-21 02:02:00,789,1,Thursday,3.149991072089285,5.42483891769606
2020-02-20,CTO,11858,12625,22,2658278,2020-02-21 02:39:00,2020-02-21 02:40:00,821,1,Thursday,5.472062626526915,7.469373752074646
2020-02-20,TPTY,11858,12625,23,2659319,2020-02-21 03:48:00,2020-02-21 03:50:00,893,1,Thursday,4.921825826290115,6.4605022044754215
2020-02-20,RU,11858,12625,24,2659076,2020-02-21 04:10:00,2020-02-21 04:20:00,903,1,Thursday,7.991402863414002,12.404571664281487
2020-02-20,GDR,11858,12625,25,2657687,2020-02-21 05:43:00,2020-02-21 05:45:00,986,1,Thursday,7.689269312037166,10.338723777681233
2020-02-20,NLR,11858,12625,26,2659518,2020-02-21 06:17:00,2020-02-21 06:18:00,1025,1,Thursday,8.433188777161991,9.775427195898297
2020-02-20,BZA,11858,12625,27,2657824,2020-02-21 10:00:00,2020-02-21 10:10:00,1280,1,Thursday,6.0757498026405585,11.575032106616936
2020-02-20,WL,11858,12625,28,2659008,2020-02-21 13:00:00,2020-02-21 13:05:00,1487,1,Thursday,31.69728793032365,25.588768093192986
2020-02-20,RDM,11858,12625,29,2733232,2020-02-21 14:40:00,2020-02-21 14:41:00,1588,1,Thursday,18.92738287671323,20.355434603425675
2020-02-20,BPQ,11858,12625,30,2658211,2020-02-21 16:55:00,2020-02-21 17:00:00,1730,1,Thursday,8.274751934816269,19.048979870211486
2020-02-20,CD,11858,12625,31,2658780,2020-02-21 17:18:00,2020-02-21 17:19:00,1744,1,Thursday,19.27228713382206,20.496159013819195
2020-02-20,SEGM,11858,12625,32,2658373,2020-02-21 19:00:00,2020-02-21 19:01:00,1862,1,Thursday,20.621970762372527,21.214198282751333
2020-02-20,NGP,11858,12625,33,2659359,2020-02-21 20:10:00,2020-02-21 20:15:00,1938,1,Thursday,15.988448772318613,28.188580772246763
2020-02-20,ET,11858,12625,34,2658804,2020-02-22 01:05:00,2020-02-22 01:15:00,2237,2,Thursday,13.714821996203305,26.427242020059786
2020-02-20,BPL,11858,12625,35,2658194,2020-02-22 02:55:00,2020-02-22 03:00:00,2329,2,Thursday,25.267166406675344,29.747102731438332
2020-02-20,BINA,11858,12625,36,2657929,2020-02-22 04:50:00,2020-02-22 04:55:00,2467,2,Thursday,15.461052456141745,25.423828903404797
2020-02-20,JHS,11858,12625,37,2659350,2020-02-22 06:55:00,2020-02-22 07:05:00,2620,2,Thursday,13.433329133663957,22.048739331105384
2020-02-20,GWL,11858,12625,38,2658454,2020-02-22 08:20:00,2020-02-22 08:25:00,2718,2,Thursday,17.53176498333405,25.35663103018013
2020-02-20,AGC,11858,12625,39,2657986,2020-02-22 10:10:00,2020-02-22 10:15:00,2836,2,Thursday,13.058660673622601,24.403622497707314
2020-02-20,MTJ,11858,12625,40,2659144,2020-02-22 11:00:00,2020-02-22 11:02:00,2890,2,Thursday,17.173445681934393,27.994572189549856
2020-02-20,FDB,11858,12625,41,2659398,2020-02-22 12:48:00,2020-02-22 12:50:00,3003,2,Thursday,2.1680116466749864,16.79080528846154
2020-02-20,NZM,11858,12625,42,2657830,2020-02-22 13:21:00,2020-02-22 13:23:00,3024,2,Thursday,3.600442071739342,17.151499159541437
2020-02-20,NDLS,11858,12625,43,2657756,2020-02-22 13:45:00,,3031,2,Thursday,9.432929219424754,0.006280525030525031
2020-02-20,MAS,11889,12656,1,2658933,,2020-02-20 09:35:00,0,0,Thursday,0.012509448223733939,2.8389851302797737
2020-02-20,SPE,11889,12656,2,2733244,2020-02-20 10:49:00,2020-02-20 10:50:00,83,0,Thursday,8.937920094708431,9.639620267298843
2020-02-20,GDR,11889,12656,3,2657687,2020-02-20 11:40:00,2020-02-20 11:45:00,138,0,Thursday,7.320833612679725,8.021494384467074
2020-02-20,NLR,11889,12656,4,2659518,2020-02-20 12:19:00,2020-02-20 12:20:00,176,0,Thursday,8.207394395452432,10.080817479478203
2020-02-20,KVZ,11889,12656,5,2658285,2020-02-20 12:49:00,2020-02-20 12:50:00,227,0,Thursday,20.737918946959127,23.632725789422206
2020-02-20,OGL,11889,12656,6,2657808,2020-02-20 13:49:00,2020-02-20 13:50:00,293,0,Thursday,20.977790442857394,24.278017342815126
2020-02-20,CLX,11889,12656,7,2658650,2020-02-20 14:22:00,2020-02-20 14:23:00,342,0,Thursday,26.58923795188238,27.72567539739284
2020-02-20,BPP,11889,12656,8,2658210,2020-02-20 14:43:00,2020-02-20 14:44:00,357,0,Thursday,23.858864768469555,25.341595914541028
2020-02-20,TEL,11889,12656,9,2657987,2020-02-20 15:23:00,2020-02-20 15:24:00,400,0,Thursday,20.288480337259223,24.712175289696297
2020-02-20,BZA,11889,12656,10,2657824,2020-02-20 16:30:00,2020-02-20 16:40:00,431,0,Thursday,0.3653670243349866,5.831114161865213
2020-02-20,KMT,11889,12656,11,2658066,2020-02-20 17:54:00,2020-02-20 17:56:00,530,0,Thursday,19.342924913506597,20.24805018889839
2020-02-20,MABD,11889,12656,12,2658558,2020-02-20 18:41:00,2020-02-20 18:42:00,578,0,Thursday,22.478623468132376,21.191910160528863
2020-02-20,WL,11889,12656,13,2659008,2020-02-20 20:00:00,2020-02-20 20:05:00,638,0,Thursday,7.535323501001021,9.23132242796108
2020-02-20,MCI,11889,12656,14,2658898,2020-02-20 21:34:00,2020-02-20 21:35:00,753,0,Thursday,18.531294540446325,19.079993253128755
2020-02-20,SKZR,11889,12656,15,2733191,2020-02-20 22:29:00,2020-02-20 22:30:00,811,0,Thursday,18.159425478621895,19.163814136279996
2020-02-20,BPQ,11889,12656,16,2658211,2020-02-21 00:05:00,2020-02-21 00:10:00,881,1,Thursday,2.7349995903567326,9.762143762419498
2020-02-20,CD,11889,12656,17,2658780,2020-02-21 00:28:00,2020-02-21 00:29:00,895,1,Thursday,10.058807907939586,9.777450475382459
2020-02-20,WRR,11889,12656,18,2658633,2020-02-21 01:19:00,2020-02-21 01:20:00,941,1,Thursday,3.846450198976045,4.668807820816754
2020-02-20,HGT,11889,12656,19,2658236,2020-02-21 01:43:00,2020-02-21 01:44:00,980,1,Thursday,13.778851480860405,14.780464942387201
2020-02-20,WR,11889,12656,20,2658999,2020-02-21 02:31:00,2020-02-21 02:34:00,1014,1,Thursday,2.950568160991852,4.3572848819500605
2020-02-20,PLO,11889,12656,21,2658333,2020-02-21 02:59:00,2020-02-21 03:00:00,1043,1,Thursday,3.953121751629741,3.8382573936007156
2020-02-20,DMN,11889,12656,22,2659179,2020-02-21 03:14:00,2020-02-21 03:15:00,1063,1,Thursday,8.065558957411634,7.368682442868365
2020-02-20,BD,11889,12656,23,2658859,2020-02-21 04:15:00,2020-02-21 04:20:00,1109,1,Thursday,10.862372287930322,3.0675398342612086
2020-02-20,MZR,11889,12656,24,2659323,2020-02-21 04:48:00,2020-02-21 04:50:00,1151,1,Thursday,10.895073618025302,11.124746429991976
2020-02-20,AK,11889,12656,25,2658847,2020-02-21 05:15:00,2020-02-21 05:20:00,1188,1,Thursday,17.697102273067365,15.924875392318938
2020-02-20,SEG,11889,12656,26,2658547,2020-02-21 05:49:00,2020-02-21 05:50:00,1225,1,Thursday,17.980435041149335,17.32889240389242
2020-02-20,NN,11889,12656,27,2658901,2020-02-21 06:09:00,2020-02-21 06:10:00,1250,1,Thursday,19.715453945029836,19.227046905592083
2020-02-20,MKU,11889,12656,28,2659030,2020-02-21 06:29:00,2020-02-21 06:30:00,1277,1,Thursday,22.96822130002932,23.69534250471751
2020-02-20,BSL,11889,12656,29,2657664,2020-02-21 07:55:00,2020-02-21 08:00:00,1327,1,Thursday,4.925803906935734,8.021044192249544
2020-02-20,JL,11889,12656,30,2658959,2020-02-21 08:44:00,2020-02-21 08:45:00,1352,1,Thursday,1.8401505724181668,3.902160050597552
2020-02-20,DXG,11889,12656,31,2658854,2020-02-21 09:29:00,2020-02-21 09:30:00,1381,1,Thursday,4.0123038820714765,4.435998814347027
2020-02-20,AN,11889,12656,32,2658844,2020-02-21 09:53:00,2020-02-21 09:55:00,1406,1,Thursday,2.6307024030960484,5.23216674611764
2020-02-20,SNK,11889,12656,33,2734674,2020-02-21 10:35:00,2020-02-21 10:36:00,1448,1,Thursday,0.6040852592979695,2.68148745269281
2020-02-20,DDE,11889,12656,34,2658379,2020-02-21 10:53:00,2020-02-21 10:54:00,1467,1,Thursday,5.425914513596608,5.771484533984537
2020-02-20,NDB,11889,12656,35,2659443,2020-02-21 11:30:00,2020-02-21 11:35:00,1502,1,Thursday,1.7832404516932934,7.028722286311573
2020-02-20,VYA,11889,12656,36,2659195,2020-02-21 13:09:00,2020-02-21 13:10:00,1601,1,Thursday,9.31290871826586,0.9828527067546018
2020-02-20,UDN,11889,12656,37,2657835,2020-02-21 14:09:00,2020-02-21 14:10:00,1658,1,Thursday,7.031775865697873,1.5977203476726642
2020-02-20,ST,11889,12656,38,2658997,2020-02-21 14:25:00,2020-02-21 14:35:00,1662,1,Thursday,2.0124732590200036,1.0640484049097496
2020-02-20,AKV,11889,12656,39,2658158,2020-02-21 15:10:00,2020-02-21 15:11:00,1712,1,Thursday,4.558697409437536,4.756836573984683
2020-02-20,BRC,11889,12656,40,2657677,2020-02-21 16:21:00,2020-02-21 16:26:00,1792,1,Thursday,5.126127377913095,5.843737903572461
2020-02-20,ANND,11889,12656,41,2659441,2020-02-21 16:57:00,2020-02-21 16:58:00,1828,1,Thursday,12.46318318555748,11.974143184857471
2020-02-20,ND,11889,12656,42,2658907,2020-02-21 17:19:00,2020-02-21 17:20:00,1846,1,Thursday,7.288050697648906,6.716836738823337
2020-02-20,MAN,11889,12656,43,2658935,2020-02-21 18:06:00,2020-02-21 18:07:00,1889,1,Thursday,4.960140892506966,3.5231846087461722
2020-02-20,ADI,11889,12656,44,2657971,2020-02-21 18:30:00,,1892,1,Thursday,0.6461152161913716,0.08898100907029478
2020-02-20,NZM,11953,12722,1,2657830,,2020-02-20 23:00:00,0,0,Thursday,0.0026455026455026454,3.953577969649398
2020-02-20,FDB,11953,12722,2,2659398,2020-02-20 23:17:00,2020-02-20 23:19:00,21,0,Thursday,9.441205513932255,9.459411448388595
2020-02-20,BVH,11953,12722,3,2657770,2020-02-20 23:28:00,2020-02-20 23:30:00,29,0,Thursday,10.426919835290377,9.428411836762676
2020-02-20,KSV,11953,12722,4,2734622,2020-02-21 00:18:00,2020-02-21 00:20:00,93,1,Thursday,13.534721781583652,14.35215617498277
2020-02-20,MTJ,11953,12722,5,2659144,2020-02-21 00:50:00,2020-02-21 00:55:00,134,1,Thursday,19.673003589304795,16.987496254572154
2020-02-20,AGC,11953,12722,6,2657986,2020-02-21 01:45:00,2020-02-21 01:50:00,188,1,Thursday,12.422173583885762,12.716446115888083
2020-02-20,MRA,11953,12722,7,2659193,2020-02-21 03:12:00,2020-02-21 03:14:00,267,1,Thursday,0.1736197514164949,6.270590355411785
2020-02-20,GWL,11953,12722,8,2658454,2020-02-21 03:43:00,2020-02-21 03:48:00,306,1,Thursday,7.000743080594708,7.489070043081334
2020-02-20,DBA,11953,12722,9,2658414,2020-02-21 04:23:00,2020-02-21 04:24:00,348,1,Thursday,11.953518973148698,13.300351922209298
2020-02-20,DAA,11953,12722,10,2658432,2020-02-21 04:50:00,2020-02-21 04:51:00,379,1,Thursday,13.775910032573625,16.04745780037929
2020-02-20,JHS,11953,12722,11,2659350,2020-02-21 05:25:00,2020-02-21 05:35:00,403,1,Thursday,4.638669519138269,8.980651842127681
2020-02-20,BAB,11953,12722,12,2657894,2020-02-21 06:00:00,2020-02-21 06:02:00,429,1,Thursday,19.836821204540477,19.55134997739385
2020-02-20,LAR,11953,12722,13,2658398,2020-02-21 06:47:00,2020-02-21 06:49:00,494,1,Thursday,19.97390142534645,19.700034485919456
2020-02-20,BINA,11953,12722,14,2657929,2020-02-21 07:55:00,2020-02-21 08:00:00,557,1,Thursday,20.674371458713637,26.27779524955864
2020-02-20,MABA,11953,12722,15,2658561,2020-02-21 08:18:00,2020-02-21 08:20:00,574,1,Thursday,8.907580101776531,11.070944286805632
2020-02-20,BAQ,11953,12722,16,2657881,2020-02-21 08:40:00,2020-02-21 08:42:00,602,1,Thursday,9.061402623160765,9.969025417810863
2020-02-20,BHS,11953,12722,17,2658012,2020-02-21 09:11:00,2020-02-21 09:13:00,642,1,Thursday,5.971199100998211,6.401445660091934
2020-02-20,BPL,11953,12722,18,2658194,2020-02-21 10:05:00,2020-02-21 10:15:00,695,1,Thursday,3.5274311667168816,6.78017141637152
2020-02-20,HBJ,11953,12722,19,2658440,2020-02-21 10:27:00,2020-02-21 10:29:00,702,1,Thursday,6.637658728264029,8.7917988676475
2020-02-20,HBD,11953,12722,20,2658443,2020-02-21 11:34:00,2020-02-21 11:36:00,769,1,Thursday,8.939661484494732,11.015504905584995
2020-02-20,ET,11953,12722,21,2658804,2020-02-21 12:10:00,2020-02-21 12:20:00,787,1,Thursday,1.3826606222811582,6.283954259547543
2020-02-20,GDYA,11953,12722,22,2731936,2020-02-21 13:23:00,2020-02-21 13:25:00,858,1,Thursday,8.05765136814244,13.56815303991643
2020-02-20,BZU,11953,12722,23,2657828,2020-02-21 14:12:00,2020-02-21 14:15:00,894,1,Thursday,4.459181513028677,10.682372077772337
2020-02-20,AMLA,11953,12722,24,2657827,2020-02-21 14:41:00,2020-02-21 14:43:00,917,1,Thursday,6.609104659977821,14.51744082248284
2020-02-20,MTY,11953,12722,25,2659139,2020-02-21 14:57:00,2020-02-21 14:59:00,941,1,Thursday,15.477436671055367,18.682136825945566
2020-02-20,PAR,11953,12722,26,2658393,2020-02-21 15:45:00,2020-02-21 15:47:00,981,1,Thursday,19.128498704989006,18.79848577957131
2020-02-20,NRKR,11953,12722,27,2657941,2020-02-21 16:00:00,2020-02-21 16:02:00,999,1,Thursday,22.981393825984163,24.468551938306398
2020-02-20,KATL,11953,12722,28,2658068,2020-02-21 16:22:00,2020-02-21 16:24:00,1025,1,Thursday,24.78797135064206,23.965712115265692
2020-02-20,NGP,11953,12722,29,2659359,2020-02-21 17:40:00,2020-02-21 17:45:00,1086,1,Thursday,5.6429744817021605,22.21763646406505
2020-02-20,SNI,11953,12722,30,2658757,2020-02-21 18:19:00,2020-02-21 18:21:00,1132,1,Thursday,49.54664292387509,48.648099476775954
2020-02-20,SEGM,11953,12722,31,2658373,2020-02-21 18:51:00,2020-02-21 18:53:00,1162,1,Thursday,45.837861559736595,43.07353494719566
2020-02-20,HGT,11953,12722,32,2658236,2020-02-21 19:21:00,2020-02-21 19:23:00,1195,1,Thursday,49.341762891539716,49.268247522153786
2020-02-20,WRR,11953,12722,33,2658633,2020-02-21 19:53:00,2020-02-21 19:55:00,1234,1,Thursday,45.52643587398053,43.65856394762645
2020-02-20,BUX,11953,12722,34,2657773,2020-02-21 20:14:00,2020-02-21 20:16:00,1256,1,Thursday,47.29528454349885,47.22263283178462
2020-02-20,CD,11953,12722,35,2658780,2020-02-21 20:45:00,2020-02-21 20:48:00,1280,1,Thursday,41.017528540408,37.86457710463752
2020-02-20,BPQ,11953,12722,36,2658211,2020-02-21 21:45:00,2020-02-21 21:50:00,1294,1,Thursday,0.2919336863533293,19.151004575052625
2020-02-20,SKZR,11953,12722,37,2733191,2020-02-21 22:37:00,2020-02-21 22:39:00,1364,1,Thursday,32.05823827175586,30.569881150789765
2020-02-20,BPA,11953,12722,38,2732117,2020-02-21 23:02:00,2020-02-21 23:04:00,1403,1,Thursday,44.746260608944446,44.052312087908206
2020-02-20,MCI,11953,12722,39,2658898,2020-02-21 23:19:00,2020-02-21 23:21:00,1422,1,Thursday,52.76102470975765,51.82711422370037
2020-02-20,RDM,11953,12722,40,2733232,2020-02-21 23:31:00,2020-02-21 23:33:00,1436,1,Thursday,54.92870977159318,54.527584133886634
2020-02-20,PDPL,11953,12722,41,2658956,2020-02-21 23:42:00,2020-02-21 23:44:00,1454,1,Thursday,65.7663116769144,61.59771101841081
2020-02-20,JMKT,11953,12722,42,2658375,2020-02-22 00:12:00,2020-02-22 00:14:00,1493,2,Thursday,69.00244335642176,66.82559323530307
2020-02-20,KZJ,11953,12722,43,2658331,2020-02-22 01:13:00,2020-02-22 01:15:00,1529,2,Thursday,54.22338918036135,60.95256873995712
2020-02-20,ZN,11953,12722,44,2659226,2020-02-22 01:49:00,2020-02-22 01:51:00,1577,2,Thursday,62.57770716386784,60.563799973175
2020-02-20,BG,11953,12722,45,2658855,2020-02-22 02:19:00,2020-02-22 02:21:00,1614,2,Thursday,67.22180692935682,65.50987015629876
2020-02-20,SC,11953,12722,46,2659082,2020-02-22 03:50:00,2020-02-22 03:55:00,1661,2,Thursday,22.27334855173614,26.397741275025936
2020-02-20,HYB,11953,12722,47,2659066,2020-02-22 04:45:00,,1670,2,Thursday,4.460936872320804,0.21285717424110281
2020-02-20,CSMT,12016,12809,1,10448787,,2020-02-20 20:35:00,0,0,Thursday,0.0026455026455026454,5.966486146954897
2020-02-20,DR,12016,12809,2,2658794,2020-02-20 20:47:00,2020-02-20 20:50:00,9,0,Thursday,0.6297148370809087,4.419115416660059
2020-02-20,TNA,12016,12809,3,2658206,2020-02-20 21:07:00,2020-02-20 21:10:00,33,0,Thursday,12.25118658775261,11.8240193294556
2020-02-20,KYN,12016,12809,4,2658310,2020-02-20 21:30:00,2020-02-20 21:34:00,52,0,Thursday,9.219450328936935,12.73216715493501
2020-02-20,KSRA,12016,12809,5,2658819,2020-02-20 22:43:00,2020-02-20 22:45:00,119,0,Thursday,12.67675300646677,16.79016880936524
2020-02-20,IGP,12016,12809,6,2658818,2020-02-20 23:20:00,2020-02-20 23:25:00,133,0,Thursday,8.064817016793114,10.365335377840566
2020-02-20,DVL,12016,12809,7,2733304,2020-02-21 00:00:00,2020-02-21 00:02:00,178,1,Thursday,10.504631864400764,11.001592495486921
2020-02-20,NK,12016,12809,8,2658902,2020-02-21 00:07:00,2020-02-21 00:10:00,184,1,Thursday,13.204601399496838,12.597728007772647
2020-02-20,MMR,12016,12809,9,2658996,2020-02-21 01:12:00,2020-02-21 01:15:00,257,1,Thursday,9.417804313838976,10.206225735243589
2020-02-20,CSN,12016,12809,10,2658714,2020-02-21 02:03:00,2020-02-21 02:05:00,324,1,Thursday,10.635173015641769,11.061693451904844
2020-02-20,JL,12016,12809,11,2658959,2020-02-21 03:08:00,2020-02-21 03:10:00,417,1,Thursday,16.499518681549926,15.852978416259667
2020-02-20,BSL,12016,12809,12,2657664,2020-02-21 03:45:00,2020-02-21 03:50:00,441,1,Thursday,10.098218354941046,16.18110961459177
2020-02-20,MKU,12016,12809,13,2659030,2020-02-21 04:46:00,2020-02-21 04:48:00,491,1,Thursday,10.461205144693853,10.892934719050793
2020-02-20,NN,12016,12809,14,2658901,2020-02-21 05:08:00,2020-02-21 05:10:00,519,1,Thursday,14.430786756233182,14.537151585090147
2020-02-20,JM,12016,12809,15,2733461,2020-02-21 05:18:00,2020-02-21 05:20:00,531,1,Thursday,15.540692095602807,15.822818423212325
2020-02-20,SEG,12016,12809,16,2658547,2020-02-21 05:28:00,2020-02-21 05:30:00,543,1,Thursday,17.860481183998164,20.5050050114257
2020-02-20,AK,12016,12809,17,2658847,2020-02-21 06:05:00,2020-02-21 06:10:00,580,1,Thursday,19.23041488477931,16.704948132127765
2020-02-20,MZR,12016,12809,18,2659323,2020-02-21 06:38:00,2020-02-21 06:40:00,617,1,Thursday,16.553524592677626,17.007836072949004
2020-02-20,BD,12016,12809,19,2658859,2020-02-21 07:40:00,2020-02-21 07:45:00,659,1,Thursday,7.046848386790618,8.612658192404776
2020-02-20,DMN,12016,12809,20,2659179,2020-02-21 08:20:00,2020-02-21 08:22:00,705,1,Thursday,10.136529539943409,10.298575771849139
2020-02-20,PLO,12016,12809,21,2658333,2020-02-21 08:37:00,2020-02-21 08:39:00,725,1,Thursday,11.314573430868073,11.560904716878984
2020-02-20,WR,12016,12809,22,2658999,2020-02-21 09:19:00,2020-02-21 09:22:00,754,1,Thursday,3.8810861303048796,4.159416294684153
2020-02-20,NGP,12016,12809,23,2659359,2020-02-21 11:05:00,2020-02-21 11:15:00,833,1,Thursday,11.833407424741456,3.0997389267478574
2020-02-20,BRD,12016,12809,24,2657678,2020-02-21 12:04:00,2020-02-21 12:06:00,895,1,Thursday,12.939458949615203,14.60698884448885
2020-02-20,TMR,12016,12809,25,2658198,2020-02-21 12:21:00,2020-02-21 12:23:00,913,1,Thursday,18.639934585916734,24.525212323662945
2020-02-20,G,12016,12809,26,2657710,2020-02-21 13:08:00,2020-02-21 13:13:00,963,1,Thursday,19.59200169043919,18.96681973027168
2020-02-20,DGG,12016,12809,27,2659067,2020-02-21 14:10:00,2020-02-21 14:11:00,1036,1,Thursday,22.952291225833775,22.469644947382612
2020-02-20,RJN,12016,12809,28,2731879,2020-02-21 14:35:00,2020-02-21 14:37:00,1067,1,Thursday,22.778098850748535,22.212261746919054
2020-02-20,DURG,12016,12809,29,2658190,2020-02-21 15:20:00,2020-02-21 15:25:00,1098,1,Thursday,20.096855788255475,19.255050084573465
2020-02-20,R,12016,12809,30,2657733,2020-02-21 16:00:00,2020-02-21 16:10:00,1135,1,Thursday,21.122487163328813,20.19661702044843
2020-02-20,BYT,12016,12809,31,2657782,2020-02-21 16:58:00,2020-02-21 17:00:00,1199,1,Thursday,23.62792390168966,23.34913462859891
2020-02-20,BSP,12016,12809,32,2657660,2020-02-21 17:55:00,2020-02-21 18:10:00,1246,1,Thursday,21.874687368877233,22.63789790391682
2020-02-20,CPH,12016,12809,33,2658737,2020-02-21 18:57:00,2020-02-21 18:59:00,1298,1,Thursday,26.88817342545023,28.57509247191495
2020-02-20,SKT,12016,12809,34,2658693,2020-02-21 19:22:00,2020-02-21 19:24:00,1329,1,Thursday,30.601152807179595,31.506330785519374
2020-02-20,KHS,12016,12809,35,2657988,2020-02-21 19:37:00,2020-02-21 19:39:00,1344,1,Thursday,33.10744925544033,32.824083543673915
2020-02-20,RIG,12016,12809,36,2659306,2020-02-21 20:05:00,2020-02-21 20:10:00,1378,1,Thursday,34.63043733713375,34.368273637640776
2020-02-20,BRJN,12016,12809,37,2731892,2020-02-21 20:55:00,2020-02-21 20:57:00,1438,1,Thursday,46.52969670045563,46.48032665912129
2020-02-20,JSG,12016,12809,38,2657722,2020-02-21 21:35:00,2020-02-21 21:40:00,1450,1,Thursday,52.41805114965565,53.026336956694074
2020-02-20,ROU,12016,12809,39,2731973,2020-02-21 22:58:00,2020-02-21 23:08:00,1551,1,Thursday,53.76290234163792,56.02211797792149
2020-02-20,CKP,12016,12809,40,2658634,2020-02-22 00:30:00,2020-02-22 00:37:00,1652,2,Thursday,57.353289149770276,50.35427552771305
2020-02-20,TATA,12016,12809,41,2658105,2020-02-22 01:32:00,2020-02-22 01:42:00,1714,2,Thursday,58.88410549777411,52.04625921366995
2020-02-20,KGP,12016,12809,42,2658007,2020-02-22 03:35:00,2020-02-22 03:40:00,1848,2,Thursday,64.10728922542212,57.953652283563024
2020-02-20,SRC,12016,12809,43,2658653,2020-02-22 05:06:00,2020-02-22 05:08:00,1955,2,Thursday,56.24116187558943,52.22291735215846
2020-02-20,HWH,12016,12809,44,2659041,2020-02-22 05:50:00,,1963,2,Thursday,56.76672763705325,16.250880402666116
2020-02-20,ADI,12038,12833,1,2657971,,2020-02-20 00:15:00,0,0,Thursday,0.012509448223733939,4.843168717078909
2020-02-20,MAN,12038,12833,2,2658935,2020-02-20 00:24:00,2020-02-20 00:26:00,3,0,Thursday,4.402897800777265,5.518934116478757
2020-02-20,ND,12038,12833,3,2658907,2020-02-20 01:04:00,2020-02-20 01:06:00,46,0,Thursday,5.17486703937597,6.169496021504948
2020-02-20,ANND,12038,12833,4,2659441,2020-02-20 01:24:00,2020-02-20 01:26:00,65,0,Thursday,3.7595394101696615,14.116921739801192
2020-02-20,BRC,12038,12833,5,2657677,2020-02-20 02:17:00,2020-02-20 02:24:00,100,0,Thursday,6.367486245190737,5.797558311934556
2020-02-20,BH,12038,12833,6,2658856,2020-02-20 03:12:00,2020-02-20 03:14:00,171,0,Thursday,7.423724304941479,8.901686751818051
2020-02-20,ST,12038,12833,7,2658997,2020-02-20 04:15:00,2020-02-20 04:20:00,230,0,Thursday,2.4700245103869074,7.160996915763191
2020-02-20,UDN,12038,12833,8,2657835,2020-02-20 04:32:00,2020-02-20 04:34:00,234,0,Thursday,6.993718425598674,7.524786156692665
2020-02-20,BIY,12038,12833,9,2658044,2020-02-20 04:59:00,2020-02-20 05:01:00,261,0,Thursday,14.587206716651316,14.151591823598121
2020-02-20,MID,12038,12833,10,2659049,2020-02-20 05:18:00,2020-02-20 05:20:00,276,0,Thursday,9.373994404482843,9.265931699991576
2020-02-20,VYA,12038,12833,11,2659195,2020-02-20 05:38:00,2020-02-20 05:40:00,291,0,Thursday,6.571930149050688,6.8759230972400545
2020-02-20,NWU,12038,12833,12,2659560,2020-02-20 06:17:00,2020-02-20 06:22:00,333,0,Thursday,2.00526201739437,3.381077086769051
2020-02-20,NDB,12038,12833,13,2659443,2020-02-20 07:20:00,2020-02-20 07:25:00,391,0,Thursday,4.677211782634577,8.924995995873104
2020-02-20,DDE,12038,12833,14,2658379,2020-02-20 08:05:00,2020-02-20 08:07:00,425,0,Thursday,2.7486254321075734,4.626755348604083
2020-02-20,SNK,12038,12833,15,2734674,2020-02-20 08:30:00,2020-02-20 08:31:00,444,0,Thursday,5.125856559115486,7.421235221458441
2020-02-20,AN,12038,12833,16,2658844,2020-02-20 09:14:00,2020-02-20 09:17:00,486,0,Thursday,0.05580488119878876,9.718122890667534
2020-02-20,DXG,12038,12833,17,2658854,2020-02-20 09:44:00,2020-02-20 09:46:00,511,0,Thursday,6.617715064648117,15.077341355637069
2020-02-20,JL,12038,12833,18,2658959,2020-02-20 10:35:00,2020-02-20 10:40:00,541,0,Thursday,9.975763257906118,21.627921456072727
2020-02-20,BSL,12038,12833,19,2657664,2020-02-20 11:05:00,2020-02-20 11:10:00,565,0,Thursday,20.520938242478422,20.90863240692548
2020-02-20,MKU,12038,12833,20,2659030,2020-02-20 11:53:00,2020-02-20 11:55:00,615,0,Thursday,36.472925103170645,44.46735289444061
2020-02-20,NN,12038,12833,21,2658901,2020-02-20 12:18:00,2020-02-20 12:20:00,643,0,Thursday,20.813465680318362,20.560663502483358
2020-02-20,JM,12038,12833,22,2733461,2020-02-20 12:28:00,2020-02-20 12:30:00,655,0,Thursday,19.721655132539766,21.13107932664131
2020-02-20,SEG,12038,12833,23,2658547,2020-02-20 12:48:00,2020-02-20 12:50:00,667,0,Thursday,19.834582827886397,19.371158956006656
2020-02-20,AK,12038,12833,24,2658847,2020-02-20 13:25:00,2020-02-20 13:30:00,704,0,Thursday,21.667869729476866,19.370382153444133
2020-02-20,MZR,12038,12833,25,2659323,2020-02-20 13:58:00,2020-02-20 14:00:00,741,0,Thursday,48.87990018827075,50.10027195804508
2020-02-20,BD,12038,12833,26,2658859,2020-02-20 14:50:00,2020-02-20 14:55:00,783,0,Thursday,31.0391837205453,30.09868545077316
2020-02-20,CND,12038,12833,27,2658592,2020-02-20 15:15:00,2020-02-20 15:17:00,812,0,Thursday,32.10959703738719,31.013673871840886
2020-02-20,DMN,12038,12833,28,2659179,2020-02-20 15:30:00,2020-02-20 15:32:00,829,0,Thursday,33.12012306476591,31.319322444401205
2020-02-20,PLO,12038,12833,29,2658333,2020-02-20 15:47:00,2020-02-20 15:49:00,849,0,Thursday,34.43090352108207,32.334844100324666
2020-02-20,WR,12038,12833,30,2658999,2020-02-20 16:15:00,2020-02-20 16:18:00,878,0,Thursday,34.136765446028825,31.427571333506215
2020-02-20,AJNI,12038,12833,31,2659433,2020-02-20 17:19:00,2020-02-20 17:21:00,954,0,Thursday,23.51734067850141,25.867998841436332
2020-02-20,NGP,12038,12833,32,2659359,2020-02-20 17:45:00,2020-02-20 17:50:00,957,0,Thursday,21.328122068077437,24.80664490106455
2020-02-20,KP,12038,12833,33,2658871,2020-02-20 18:15:00,2020-02-20 18:17:00,971,0,Thursday,22.792996933621957,25.12400599614361
2020-02-20,BRD,12038,12833,34,2657678,2020-02-20 18:50:00,2020-02-20 18:52:00,1019,0,Thursday,21.235780604977045,23.31585956255075
2020-02-20,TMR,12038,12833,35,2658198,2020-02-20 19:07:00,2020-02-20 19:09:00,1037,0,Thursday,22.719735406789,24.7912401761404
2020-02-20,TRO,12038,12833,36,2733503,2020-02-20 19:25:00,2020-02-20 19:27:00,1057,0,Thursday,24.346184585916745,26.137630731682737
2020-02-20,G,12038,12833,37,2657710,2020-02-20 19:58:00,2020-02-20 20:00:00,1087,0,Thursday,21.740389207353505,22.922219159128307
2020-02-20,AGN,12038,12833,38,2658051,2020-02-20 20:15:00,2020-02-20 20:17:00,1109,0,Thursday,24.986852540647202,26.25347720333278
2020-02-20,DGG,12038,12833,39,2659067,2020-02-20 21:01:00,2020-02-20 21:03:00,1160,0,Thursday,27.71342517436269,28.080208185158273
2020-02-20,RJN,12038,12833,40,2731879,2020-02-20 21:27:00,2020-02-20 21:29:00,1191,0,Thursday,27.782228543612487,28.425754644320797
2020-02-20,DURG,12038,12833,41,2658190,2020-02-20 22:10:00,2020-02-20 22:15:00,1222,0,Thursday,26.04611592524541,27.172128269042663
2020-02-20,BPHB,12038,12833,42,2658892,2020-02-20 22:24:00,2020-02-20 22:26:00,1231,0,Thursday,27.009617833390166,27.81280997490292
2020-02-20,R,12038,12833,43,2657733,2020-02-20 22:55:00,2020-02-20 23:05:00,1259,0,Thursday,25.79201185306099,25.296151236815636
2020-02-20,TLD,12038,12833,44,2657916,2020-02-20 23:36:00,2020-02-20 23:38:00,1297,0,Thursday,27.175798486401185,27.528814133948057
2020-02-20,BYT,12038,12833,45,2657782,2020-02-21 00:01:00,2020-02-21 00:03:00,1323,1,Thursday,28.390059692291835,28.686352516433914
2020-02-20,BSP,12038,12833,46,2657660,2020-02-21 00:55:00,2020-02-21 01:10:00,1370,1,Thursday,28.50589046370296,29.15180257563397
2020-02-20,AKT,12038,12833,47,2658155,2020-02-21 01:32:00,2020-02-21 01:34:00,1396,1,Thursday,30.770066152432225,33.22584861061754
2020-02-20,NIA,12038,12833,48,2659501,2020-02-21 01:47:00,2020-02-21 01:49:00,1411,1,Thursday,32.80095012461084,37.023192586086516
2020-02-20,CPH,12038,12833,49,2658737,2020-02-21 02:01:00,2020-02-21 02:04:00,1422,1,Thursday,35.47556661262019,38.43958910292945
2020-02-20,BUA,12038,12833,50,2731863,2020-02-21 02:17:00,2020-02-21 02:19:00,1438,1,Thursday,41.43788834541198,43.207701012611736
2020-02-20,KHS,12038,12833,51,2657988,2020-02-21 02:39:00,2020-02-21 02:41:00,1468,1,Thursday,57.20233315378403,57.659533695471225
2020-02-20,RIG,12038,12833,52,2659306,2020-02-21 03:06:00,2020-02-21 03:11:00,1502,1,Thursday,59.97922644898094,59.304450418959355
2020-02-20,BPH,12038,12833,53,2731890,2020-02-21 03:45:00,2020-02-21 03:47:00,1553,1,Thursday,62.68121207909154,64.13441313151138
2020-02-20,BRJN,12038,12833,54,2731892,2020-02-21 03:56:00,2020-02-21 03:58:00,1562,1,Thursday,62.284438647496685,64.61638516906378
2020-02-20,JSG,12038,12833,55,2657722,2020-02-21 05:00:00,2020-02-21 05:02:00,1574,1,Thursday,54.488647564697985,53.793661464197214
2020-02-20,BMB,12038,12833,56,2731889,2020-02-21 05:32:00,2020-02-21 05:33:00,1610,1,Thursday,55.64354668295056,55.715590461126176
2020-02-20,GP,12038,12833,57,2734238,2020-02-21 06:02:00,2020-02-21 06:03:00,1645,1,Thursday,55.434061261450964,54.133084615936504
2020-02-20,ROU,12038,12833,58,2731973,2020-02-21 06:31:00,2020-02-21 06:46:00,1675,1,Thursday,60.59356334802762,57.44453285684905
2020-02-20,CKP,12038,12833,59,2658634,2020-02-21 08:07:00,2020-02-21 08:14:00,1776,1,Thursday,72.38571782053926,60.01295066176236
2020-02-20,TATA,12038,12833,60,2658105,2020-02-21 09:15:00,2020-02-21 09:25:00,1838,1,Thursday,79.75363610430573,64.2335467117111
2020-02-20,KGP,12038,12833,61,2658007,2020-02-21 11:18:00,2020-02-21 11:23:00,1971,1,Thursday,83.95654653712687,71.03894076788643
2020-02-20,SRC,12038,12833,62,2658653,2020-02-21 12:46:00,2020-02-21 12:48:00,2079,1,Thursday,83.74197480759982,71.80155887068311
2020-02-20,HWH,12038,12833,63,2659041,2020-02-21 13:30:00,,2086,1,Thursday,79.50910892596157,14.1975645468949
2020-02-19,HWH,12039,12834,1,2659041,,2020-02-19 23:55:00,0,0,Wednesday,0.0,8.467233593126444
2020-02-19,MCA,12039,12834,2,2734395,2020-02-20 00:50:00,2020-02-20 00:51:00,58,1,Wednesday,11.487682852861429,18.512590987735432
2020-02-19,PKU,12039,12834,3,2658352,2020-02-20 01:09:00,2020-02-20 01:10:00,71,1,Wednesday,14.097649618073731,15.060163398109832
2020-02-19,KGP,12039,12834,4,2658007,2020-02-20 02:00:00,2020-02-20 02:05:00,115,1,Wednesday,4.817261169486402,5.243686546588331
2020-02-19,TATA,12039,12834,5,2658105,2020-02-20 03:53:00,2020-02-20 03:58:00,249,1,Wednesday,3.9013669475657418,5.307629539772397
2020-02-19,CKP,12039,12834,6,2658634,2020-02-20 04:48:00,2020-02-20 04:55:00,311,1,Wednesday,8.38809196196932,9.752966944596412
2020-02-19,ROU,12039,12834,7,2731973,2020-02-20 06:20:00,2020-02-20 06:35:00,412,1,Wednesday,7.462339735330801,9.640082181376828
2020-02-19,GP,12039,12834,8,2734238,2020-02-20 07:03:00,2020-02-20 07:04:00,442,1,Wednesday,14.978568160461545,17.312691607334465
2020-02-19,BMB,12039,12834,9,2731889,2020-02-20 07:33:00,2020-02-20 07:34:00,477,1,Wednesday,12.962319775666677,14.173118750462514
2020-02-19,JSG,12039,12834,10,2657722,2020-02-20 08:15:00,2020-02-20 08:17:00,513,1,Wednesday,8.051722680622369,12.77031285950666
2020-02-19,BRJN,12039,12834,11,2731892,2020-02-20 08:25:00,2020-02-20 08:27:00,525,1,Wednesday,19.339219717121505,18.14779802928922
2020-02-19,BPH,12039,12834,12,2731890,2020-02-20 08:36:00,2020-02-20 08:38:00,534,1,Wednesday,22.921327358157708,21.67636136185242
2020-02-19,RIG,12039,12834,13,2659306,2020-02-20 09:15:00,2020-02-20 09:20:00,585,1,Wednesday,25.52116779615016,25.081371460783224
2020-02-19,KHS,12039,12834,14,2657988,2020-02-20 09:43:00,2020-02-20 09:45:00,619,1,Wednesday,26.45201478068017,29.05180783657673
2020-02-19,BUA,12039,12834,15,2731863,2020-02-20 10:07:00,2020-02-20 10:09:00,649,1,Wednesday,29.166129390442105,31.73833702332914
2020-02-19,CPH,12039,12834,16,2658737,2020-02-20 10:25:00,2020-02-20 10:30:00,664,1,Wednesday,28.328984611444657,31.316783139052042
2020-02-19,NIA,12039,12834,17,2659501,2020-02-20 10:39:00,2020-02-20 10:41:00,675,1,Wednesday,28.41203243746124,31.99910230797835
2020-02-19,AKT,12039,12834,18,2658155,2020-02-20 10:53:00,2020-02-20 10:55:00,690,1,Wednesday,47.333169100487915,57.05318830815157
2020-02-19,BSP,12039,12834,19,2657660,2020-02-20 11:40:00,2020-02-20 11:55:00,717,1,Wednesday,30.747828981534298,32.63157519563769
2020-02-19,BYT,12039,12834,20,2657782,2020-02-20 12:33:00,2020-02-20 12:35:00,764,1,Wednesday,30.371920159866562,31.66081777845169
2020-02-19,TLD,12039,12834,21,2657916,2020-02-20 12:54:00,2020-02-20 12:56:00,790,1,Wednesday,50.885761894598566,59.34299952206991
2020-02-19,R,12039,12834,22,2657733,2020-02-20 13:35:00,2020-02-20 13:45:00,828,1,Wednesday,32.90179258159166,31.412514312737514
2020-02-19,BPHB,12039,12834,23,2658892,2020-02-20 14:09:00,2020-02-20 14:11:00,856,1,Wednesday,35.74832485636054,36.475509039571534
2020-02-19,DURG,12039,12834,24,2658190,2020-02-20 14:35:00,2020-02-20 14:40:00,865,1,Wednesday,36.5380458950771,35.03706563773527
2020-02-19,RJN,12039,12834,25,2731879,2020-02-20 15:02:00,2020-02-20 15:04:00,895,1,Wednesday,39.99563004786219,42.12340001268575
2020-02-19,DGG,12039,12834,26,2659067,2020-02-20 15:26:00,2020-02-20 15:28:00,927,1,Wednesday,85.71808859543236,81.99612571475757
2020-02-19,AGN,12039,12834,27,2658051,2020-02-20 16:11:00,2020-02-20 16:13:00,977,1,Wednesday,85.18320421724444,81.2648269705124
2020-02-19,G,12039,12834,28,2657710,2020-02-20 16:41:00,2020-02-20 16:46:00,1000,1,Wednesday,85.54041745574294,81.56928259260192
2020-02-19,TRO,12039,12834,29,2733503,2020-02-20 17:06:00,2020-02-20 17:08:00,1029,1,Wednesday,85.37758652144818,80.81187024635032
2020-02-19,TMR,12039,12834,30,2658198,2020-02-20 17:25:00,2020-02-20 17:27:00,1049,1,Wednesday,86.68602465243093,81.38219319390538
2020-02-19,BRD,12039,12834,31,2657678,2020-02-20 17:42:00,2020-02-20 17:44:00,1068,1,Wednesday,86.53501057887223,81.40348600493033
2020-02-19,KP,12039,12834,32,2658871,2020-02-20 18:18:00,2020-02-20 18:20:00,1115,1,Wednesday,86.62773187047742,82.70356261482841
2020-02-19,NGP,12039,12834,33,2659359,2020-02-20 19:00:00,2020-02-20 19:05:00,1129,1,Wednesday,84.64154537048691,83.1342098941364
2020-02-19,AJNI,12039,12834,34,2659433,2020-02-20 19:14:00,2020-02-20 19:15:00,1132,1,Wednesday,87.05862973418782,83.80860824710619
2020-02-19,WR,12039,12834,35,2658999,2020-02-20 20:24:00,2020-02-20 20:27:00,1208,1,Wednesday,92.75233083715226,87.42000387033215
2020-02-19,PLO,12039,12834,36,2658333,2020-02-20 20:49:00,2020-02-20 20:50:00,1238,1,Wednesday,93.74814396086717,90.62412124766377
2020-02-19,DMN,12039,12834,37,2659179,2020-02-20 21:08:00,2020-02-20 21:09:00,1258,1,Wednesday,94.24007450056556,91.98458798049134
2020-02-19,CND,12039,12834,38,2658592,2020-02-20 21:24:00,2020-02-20 21:25:00,1274,1,Wednesday,94.69032160795552,92.64343367348883
2020-02-19,BD,12039,12834,39,2658859,2020-02-20 22:05:00,2020-02-20 22:10:00,1303,1,Wednesday,92.35478721014437,89.84064624101387
2020-02-19,MZR,12039,12834,40,2659323,2020-02-20 22:40:00,2020-02-20 22:42:00,1345,1,Wednesday,94.20716595738915,91.08822263948315
2020-02-19,AK,12039,12834,41,2658847,2020-02-20 23:15:00,2020-02-20 23:20:00,1382,1,Wednesday,92.67959330682545,90.92173758683737
2020-02-19,SEG,12039,12834,42,2658547,2020-02-20 23:44:00,2020-02-20 23:45:00,1419,1,Wednesday,95.71704878289701,93.88410124830818
2020-02-19,JM,12039,12834,43,2733461,2020-02-20 23:57:00,2020-02-20 23:58:00,1432,1,Wednesday,95.84297611284222,93.81492839074247
2020-02-19,NN,12039,12834,44,2658901,2020-02-21 00:08:00,2020-02-21 00:10:00,1444,2,Wednesday,93.7578315781441,94.00392064799887
2020-02-19,MKU,12039,12834,45,2659030,2020-02-21 00:33:00,2020-02-21 00:35:00,1472,2,Wednesday,93.9827958582423,93.5793820995764
2020-02-19,BSL,12039,12834,46,2657664,2020-02-21 01:40:00,2020-02-21 01:45:00,1522,2,Wednesday,90.09115073783778,91.34506519706753
2020-02-19,JL,12039,12834,47,2658959,2020-02-21 02:22:00,2020-02-21 02:25:00,1546,2,Wednesday,88.3906692018299,89.52848349008403
2020-02-19,DXG,12039,12834,48,2658854,2020-02-21 03:12:00,2020-02-21 03:14:00,1576,2,Wednesday,82.13360753173646,77.03327456128143
2020-02-19,AN,12039,12834,49,2658844,2020-02-21 03:39:00,2020-02-21 03:42:00,1601,2,Wednesday,78.75333435749006,73.29382649694496
2020-02-19,SNK,12039,12834,50,2734674,2020-02-21 04:18:00,2020-02-21 04:19:00,1642,2,Wednesday,74.71439275180741,71.07438547170032
2020-02-19,DDE,12039,12834,51,2658379,2020-02-21 04:38:00,2020-02-21 04:41:00,1662,2,Wednesday,67.91145845478829,67.81115548953656
2020-02-19,NDB,12039,12834,52,2659443,2020-02-21 05:12:00,2020-02-21 05:22:00,1696,2,Wednesday,58.32388417391045,46.929191788166314
2020-02-19,NWU,12039,12834,53,2659560,2020-02-21 06:23:00,2020-02-21 06:28:00,1754,2,Wednesday,18.951741673505072,15.734860307848951
2020-02-19,VYA,12039,12834,54,2659195,2020-02-21 07:10:00,2020-02-21 07:12:00,1796,2,Wednesday,0.11737309895792061,9.714996323259397
2020-02-19,MID,12039,12834,55,2659049,2020-02-21 07:27:00,2020-02-21 07:29:00,1811,2,Wednesday,4.142532459516438,9.421478407643257
2020-02-19,BIY,12039,12834,56,2658044,2020-02-21 07:46:00,2020-02-21 07:48:00,1826,2,Wednesday,4.317105517663551,10.111818490840488
2020-02-19,UDN,12039,12834,57,2657835,2020-02-21 08:40:00,2020-02-21 08:42:00,1853,2,Wednesday,9.58347914656344,10.635651320065708
2020-02-19,ST,12039,12834,58,2658997,2020-02-21 08:57:00,2020-02-21 09:02:00,1857,2,Wednesday,5.223106816298779,10.779252944136086
2020-02-19,BH,12039,12834,59,2658856,2020-02-21 09:54:00,2020-02-21 09:56:00,1916,2,Wednesday,4.658625676134867,9.888576928683275
2020-02-19,BRC,12039,12834,60,2657677,2020-02-21 10:58:00,2020-02-21 11:03:00,1986,2,Wednesday,7.026584840424123,12.153251910466983
2020-02-19,ANND,12039,12834,61,2659441,2020-02-21 11:43:00,2020-02-21 11:44:00,2022,2,Wednesday,11.060895255538112,18.199376620306243
2020-02-19,ND,12039,12834,62,2658907,2020-02-21 12:10:00,2020-02-21 12:11:00,2041,2,Wednesday,7.812275687275686,11.594042750890175
2020-02-19,MAN,12039,12834,63,2658935,2020-02-21 13:02:00,2020-02-21 13:04:00,2083,2,Wednesday,4.319713768617393,7.667047733526199
2020-02-19,ADI,12039,12834,64,2657971,2020-02-21 13:25:00,,2086,2,Wednesday,0.7266168265577396,0.7607922335600905
2020-02-20,MAS,12045,12840,1,2658933,,2020-02-20 23:45:00,0,0,Thursday,0.0026455026455026454,4.148299584013869
2020-02-20,GDR,12045,12840,2,2657687,2020-02-21 01:50:00,2020-02-21 01:52:00,138,1,Thursday,3.587309529969718,9.703833457188239
2020-02-20,NLR,12045,12840,3,2659518,2020-02-21 02:19:00,2020-02-21 02:20:00,176,1,Thursday,15.64736152570973,17.12743042341257
2020-02-20,OGL,12045,12840,4,2657808,2020-02-21 03:44:00,2020-02-21 03:45:00,293,1,Thursday,22.508349297858217,23.95034110235002
2020-02-20,CLX,12045,12840,5,2658650,2020-02-21 04:30:00,2020-02-21 04:31:00,342,1,Thursday,21.02437938219188,22.72069900998473
2020-02-20,BPP,12045,12840,6,2658210,2020-02-21 04:43:00,2020-02-21 04:44:00,357,1,Thursday,23.043192554799695,23.82808743446874
2020-02-20,TEL,12045,12840,7,2657987,2020-02-21 05:24:00,2020-02-21 05:25:00,400,1,Thursday,21.46300218052449,21.797380942470237
2020-02-20,BZA,12045,12840,8,2657824,2020-02-21 06:15:00,2020-02-21 06:25:00,431,1,Thursday,5.8572647301441965,13.749437000664674
2020-02-20,EE,12045,12840,9,2658788,2020-02-21 07:14:00,2020-02-21 07:15:00,491,1,Thursday,25.15650982688142,25.889909107096617
2020-02-20,TDD,12045,12840,10,2733243,2020-02-21 07:49:00,2020-02-21 07:50:00,539,1,Thursday,28.071693833176248,29.675230811535958
2020-02-20,NDD,12045,12840,11,2659442,2020-02-21 08:12:00,2020-02-21 08:13:00,558,1,Thursday,26.375578552127916,28.78601356918056
2020-02-20,RJY,12045,12840,12,2659334,2020-02-21 09:05:00,2020-02-21 09:10:00,581,1,Thursday,17.551332505127156,21.73449382180999
2020-02-20,SLO,12045,12840,13,2733235,2020-02-21 09:52:00,2020-02-21 09:53:00,631,1,Thursday,16.28208739546713,19.725428328868453
2020-02-20,ANV,12045,12840,14,2658181,2020-02-21 10:19:00,2020-02-21 10:20:00,668,1,Thursday,22.24146711132006,25.997051255185426
2020-02-20,TUNI,12045,12840,15,2658073,2020-02-21 10:35:00,2020-02-21 10:36:00,685,1,Thursday,22.115876601466155,25.0987556514933
2020-02-20,AKP,12045,12840,16,2658159,2020-02-21 11:21:00,2020-02-21 11:22:00,748,1,Thursday,23.914307547999787,26.757440954237165
2020-02-20,VSKP,12045,12840,17,2659490,2020-02-21 13:00:00,2020-02-21 13:20:00,782,1,Thursday,5.979525383142773,10.626888484366166
2020-02-20,VZM,12045,12840,18,2658799,2020-02-21 14:15:00,2020-02-21 14:20:00,843,1,Thursday,11.778115273401506,13.365005446290699
2020-02-20,CPP,12045,12840,19,2732120,2020-02-21 14:48:00,2020-02-21 14:49:00,873,1,Thursday,11.442946802131067,14.480967949048312
2020-02-20,CHE,12045,12840,20,2658551,2020-02-21 15:21:00,2020-02-21 15:23:00,912,1,Thursday,14.036716741377969,16.366489768498703
2020-02-20,NWP,12045,12840,21,2659553,2020-02-21 15:59:00,2020-02-21 16:00:00,959,1,Thursday,9.453860619374009,13.428079534552745
2020-02-20,PSA,12045,12840,22,2658700,2020-02-21 16:30:00,2020-02-21 16:32:00,985,1,Thursday,7.867467568806852,13.800902107152105
2020-02-20,SPT,12045,12840,23,2658622,2020-02-21 17:00:00,2020-02-21 17:01:00,1017,1,Thursday,19.59007984409772,21.58015763172013
2020-02-20,IPM,12045,12840,24,2659593,2020-02-21 17:16:00,2020-02-21 17:17:00,1035,1,Thursday,20.42996523978669,21.72594777081384
2020-02-20,BAM,12045,12840,25,2657899,2020-02-21 17:45:00,2020-02-21 17:50:00,1060,1,Thursday,14.650257551544318,19.69452412666697
2020-02-20,CAP,12045,12840,26,2731893,2020-02-21 18:04:00,2020-02-21 18:05:00,1081,1,Thursday,22.798652587491897,23.635559761006203
2020-02-20,BALU,12045,12840,27,2659423,2020-02-21 18:56:00,2020-02-21 18:57:00,1136,1,Thursday,18.68168999267345,21.427321091606817
2020-02-20,KUR,12045,12840,28,2734207,2020-02-21 20:05:00,2020-02-21 20:25:00,1207,1,Thursday,20.62700911439752,20.99692875596238
2020-02-20,BBS,12045,12840,29,2657903,2020-02-21 20:53:00,2020-02-21 20:58:00,1226,1,Thursday,17.196600733096275,20.367209856942008
2020-02-20,CTC,12045,12840,30,2658279,2020-02-21 21:33:00,2020-02-21 21:38:00,1253,1,Thursday,17.847859465270187,20.794502371169923
2020-02-20,JJKR,12045,12840,31,2658916,2020-02-21 22:36:00,2020-02-21 22:37:00,1326,1,Thursday,18.596427006360045,21.72842331279833
2020-02-20,BHC,12045,12840,32,2657983,2020-02-21 23:17:00,2020-02-21 23:19:00,1369,1,Thursday,20.945997549903804,23.10041061296315
2020-02-20,BLS,12045,12840,33,2658113,2020-02-22 00:05:00,2020-02-22 00:10:00,1432,2,Thursday,40.26220931780732,41.3628819981761
2020-02-20,KGP,12045,12840,34,2658007,2020-02-22 01:43:00,2020-02-22 01:48:00,1548,2,Thursday,37.31357262116192,39.08328537951698
2020-02-20,SRC,12045,12840,35,2658653,2020-02-22 03:13:00,2020-02-22 03:14:00,1655,2,Thursday,42.836620927022736,47.672637762369895
2020-02-20,HWH,12045,12840,36,2659041,2020-02-22 04:00:00,,1663,2,Thursday,28.57754064208241,0.0
2020-02-20,BDTS,12117,12925,1,2658361,,2020-02-20 12:00:00,0,0,Thursday,0.007407407407407408,1.7575658300907768
2020-02-20,ADH,12117,12925,2,2657970,2020-02-20 12:14:00,2020-02-20 12:17:00,6,0,Thursday,16.551296671121623,15.164402983901415
2020-02-20,BVI,12117,12925,3,2657766,2020-02-20 12:34:00,2020-02-20 12:37:00,18,0,Thursday,19.69985316436209,18.896137473783224
2020-02-20,DRD,12117,12925,4,2659110,2020-02-20 13:50:00,2020-02-20 13:52:00,108,0,Thursday,8.463994619069464,10.139280772769478
2020-02-20,VAPI,12117,12925,5,2658429,2020-02-20 14:20:00,2020-02-20 14:25:00,156,0,Thursday,15.59312469621687,14.108586383028342
2020-02-20,BL,12117,12925,6,2658862,2020-02-20 14:51:00,2020-02-20 14:53:00,183,0,Thursday,16.28824263315466,16.42981508405616
2020-02-20,NVS,12117,12925,7,2659534,2020-02-20 15:31:00,2020-02-20 15:36:00,222,0,Thursday,13.076238181024157,10.151508978202788
2020-02-20,ST,12117,12925,8,2658997,2020-02-20 16:15:00,2020-02-20 16:20:00,252,0,Thursday,0.3016298875805174,3.2659166726131006
2020-02-20,BH,12117,12925,9,2658856,2020-02-20 17:04:00,2020-02-20 17:06:00,311,0,Thursday,4.048382620822222,4.633677441936367
2020-02-20,BRC,12117,12925,10,2657677,2020-02-20 18:05:00,2020-02-20 18:15:00,381,0,Thursday,6.903221621301979,7.174144863531128
2020-02-20,GDA,12117,12925,11,2657679,2020-02-20 19:19:00,2020-02-20 19:21:00,455,0,Thursday,4.925516973980733,6.468770312420454
2020-02-20,DHD,12117,12925,12,2659080,2020-02-20 20:20:00,2020-02-20 20:22:00,528,0,Thursday,8.212254048861194,11.269005292290412
2020-02-20,MGN,12117,12925,13,2732042,2020-02-20 20:45:00,2020-02-20 20:47:00,561,0,Thursday,13.746755661763526,15.002532255575622
2020-02-20,RTM,12117,12925,14,2659597,2020-02-20 22:20:00,2020-02-20 22:30:00,642,0,Thursday,6.293957159155424,2.2849171455198225
2020-02-20,NAD,12117,12925,15,2659388,2020-02-20 23:20:00,2020-02-20 23:25:00,683,0,Thursday,5.623848075555007,2.350662309407057
2020-02-20,SGZ,12117,12925,16,2658477,2020-02-21 00:23:00,2020-02-21 00:25:00,775,1,Thursday,11.500885000950648,16.28961228916584
2020-02-20,RMA,12117,12925,17,2659259,2020-02-21 01:08:00,2020-02-21 01:10:00,836,1,Thursday,10.281795163189594,12.891164845405907
2020-02-20,KOTA,12117,12925,18,2659081,2020-02-21 02:10:00,2020-02-21 02:20:00,909,1,Thursday,9.154333695405127,12.769959244624406
2020-02-20,SWM,12117,12925,19,2658245,2020-02-21 03:48:00,2020-02-21 03:50:00,1017,1,Thursday,1.3668382254319762,6.745058463362033
2020-02-20,GGC,12117,12925,20,2657753,2020-02-21 04:40:00,2020-02-21 04:45:00,1080,1,Thursday,0.9506500898241974,6.535618465529178
2020-02-20,HAN,12117,12925,21,2658411,2020-02-21 05:18:00,2020-02-21 05:20:00,1125,1,Thursday,9.830522598268132,19.30006463031017
2020-02-20,BXN,12117,12925,22,2657803,2020-02-21 05:48:00,2020-02-21 05:50:00,1157,1,Thursday,16.829599287024443,22.217758279253815
2020-02-20,BTE,12117,12925,23,2657713,2020-02-21 06:28:00,2020-02-21 06:30:00,1199,1,Thursday,21.34074329275224,23.383992739238266
2020-02-20,MTJ,12117,12925,24,2659144,2020-02-21 07:35:00,2020-02-21 07:40:00,1233,1,Thursday,4.402909624659887,12.903425202637383
2020-02-20,FDB,12117,12925,25,2659398,2020-02-21 09:28:00,2020-02-21 09:30:00,1346,1,Thursday,20.133718013963538,17.733783309118127
2020-02-20,NZM,12117,12925,26,2657830,2020-02-21 10:01:00,2020-02-21 10:03:00,1367,1,Thursday,22.85652719469685,19.19027312386688
2020-02-20,NDLS,12117,12925,27,2657756,2020-02-21 10:40:00,2020-02-21 11:05:00,1374,1,Thursday,32.12508970379036,22.12645026202012
2020-02-20,SZM,12117,12925,28,2658271,2020-02-21 11:19:00,2020-02-21 11:21:00,1378,1,Thursday,41.09067897975909,37.82166348862781
2020-02-20,SNP,12117,12925,29,2658765,2020-02-21 11:50:00,2020-02-21 11:52:00,1419,1,Thursday,44.85959296160189,47.551730924498784
2020-02-20,PNP,12117,12925,30,2658611,2020-02-21 12:26:00,2020-02-21 12:28:00,1464,1,Thursday,47.134076922581414,51.24692110235704
2020-02-20,KUN,12117,12925,31,2658272,2020-02-21 12:51:00,2020-02-21 12:53:00,1498,1,Thursday,49.81880409603624,53.266697530313614
2020-02-20,KKDE,12117,12925,32,2659417,2020-02-21 13:19:00,2020-02-21 13:21:00,1531,1,Thursday,45.65354375222211,50.446816891092126
2020-02-20,UMB,12117,12925,33,2659509,2020-02-21 14:40:00,2020-02-21 15:15:00,1572,1,Thursday,31.94435257550859,42.4747961142985
2020-02-20,UBC,12117,12925,34,2657851,2020-02-21 15:07:00,2020-02-21 15:09:00,1581,1,Thursday,44.18900556223748,46.92029375731455
2020-02-20,SIR,12117,12925,35,2658485,2020-02-21 15:42:00,2020-02-21 15:44:00,1627,1,Thursday,47.55747547756478,58.188606401185226
2020-02-20,CDG,12117,12925,36,2658510,2020-02-21 15:57:00,2020-02-21 16:10:00,1639,1,Thursday,46.84276235025768,59.682950180606454
2020-02-20,KNN,12117,12925,37,2658036,2020-02-21 15:56:00,2020-02-21 15:58:00,1644,1,Thursday,60.91685321953179,65.89787364586479
2020-02-20,KLK,12117,12925,38,2658088,2020-02-21 16:45:00,,1676,1,Thursday,60.576872688177794,68.45856159091457
2020-02-20,LDH,12117,12925,39,2658435,2020-02-21 16:46:00,2020-02-21 16:51:00,1687,1,Thursday,64.03550907178133,66.09668349177281
2020-02-20,PGW,12117,12925,40,2658284,2020-02-21 17:19:00,2020-02-21 17:21:00,1723,1,Thursday,68.67622875636263,68.76505602629558
2020-02-20,JRC,12117,12925,41,2657701,2020-02-21 17:37:00,2020-02-21 17:39:00,1739,1,Thursday,69.71467289324433,69.3165613992295
2020-02-20,JUC,12117,12925,42,2657676,2020-02-21 17:53:00,2020-02-21 17:58:00,1744,1,Thursday,68.69965288101447,69.82387697454665
2020-02-20,BEAS,12117,12925,43,2658299,2020-02-21 18:30:00,2020-02-21 18:32:00,1780,1,Thursday,68.76509531308635,69.08118516831757
2020-02-20,ASR,12117,12925,44,2657719,2020-02-21 19:20:00,,1823,1,Thursday,59.0776894392178,0.06632653061224489
